,Symbol,1. open,2. high,3. low,4. close,5. adjusted close,6. volume,7. dividend amount
2020-11-27,AAPL,117.1800,117.6202,112.5900,116.5900,113.5067,364376131,0.0000
2020-12-04,AAPL,116.9700,123.7800,116.8100,122.2500,119.0171,541563385,0.0000
2020-12-11,AAPL,122.3100,125.9500,120.1500,122.4100,119.1728,452278651,0.0000
2020-12-18,AAPL,122.6000,129.5800,121.5400,126.6550,123.3056,621758148,0.0000
2020-12-24,AAPL,125.0200,134.4050,123.4490,131.9700,128.4800,433757134,0.0000
2020-12-31,AAPL,133.9900,138.7890,131.7200,132.6900,129.1810,439740666,0.0000
2021-01-08,AAPL,133.5200,133.6116,126.3820,132.0500,128.5579,610791157,0.0000
2021-01-15,AAPL,129.1900,131.4500,126.8600,127.1400,123.7777,481518252,0.0000
2021-01-22,AAPL,127.7800,139.8500,126.9380,139.0700,135.3923,430065722,0.0000
2021-01-29,AAPL,143.0700,145.0900,130.2100,131.9600,128.4703,716990967,0.0000
2021-02-05,AAPL,133.7500,137.4200,130.9300,136.7600,133.3429,438264070,0.2050
2021-02-12,AAPL,136.0300,137.8770,133.6921,135.3700,131.9876,344357350,0.0000
2021-02-19,AAPL,135.4900,136.0100,127.4100,129.8700,126.6251,362474097,0.0000
2021-02-26,AAPL,128.0100,129.7200,118.3900,121.2600,118.2302,680391444,0.0000
2021-03-05,AAPL,123.7500,128.7200,117.5700,121.4200,118.3862,663456753,0.0000
2021-03-12,AAPL,120.9300,123.2100,116.2100,121.0300,118.0059,586977280,0.0000
2021-03-19,AAPL,121.4100,127.2200,119.6750,119.9900,116.9919,626770404,0.0000
2021-03-26,AAPL,120.3300,124.2400,118.9200,121.2100,118.1815,488825826,0.0000
2021-04-01,AAPL,121.6500,124.1800,118.8600,123.0000,119.9267,359904082,0.0000
2021-04-09,AAPL,123.8700,133.0400,123.0700,132.9950,129.6720,447820438,0.0000
2021-04-16,AAPL,132.5200,135.0000,130.6300,134.1600,130.8079,444178798,0.0000
2021-04-23,AAPL,133.5100,135.5300,131.3001,134.3200,130.9639,421246935,0.0000
2021-04-30,AAPL,134.8300,137.0700,131.0650,131.4600,128.1753,501621389,0.0000
2021-05-07,AAPL,132.0400,134.0700,126.7000,130.2100,127.1711,453802325,0.2200
2021-05-14,AAPL,129.4100,129.5400,122.2500,127.4500,124.4755,514165627,0.0000
2021-05-21,AAPL,126.8200,128.0000,122.8600,125.4300,122.5026,386352101,0.0000
2021-05-28,AAPL,126.0100,128.3200,124.5500,124.6100,121.7018,357615057,0.0000
2021-06-04,AAPL,125.0800,126.1600,123.1300,125.8900,122.9519,278314493,0.0000
2021-06-11,AAPL,126.1700,128.4600,124.8321,127.3500,124.3778,327048055,0.0000
2021-06-18,AAPL,127.8200,132.5500,127.0700,130.4600,127.4152,456667151,0.0000
2021-06-25,AAPL,130.3000,134.6400,129.2100,133.1100,130.0034,354155878,0.0000
2021-07-02,AAPL,133.4100,140.0000,133.3500,139.9600,136.6935,321360130,0.0000
2021-07-09,AAPL,140.0700,145.6500,140.0700,145.1100,141.7233,418559640,0.0000
2021-07-16,AAPL,146.2100,150.0000,143.6300,146.3900,142.9735,504249326,0.0000
2021-07-23,AAPL,143.7500,148.7177,141.6700,148.5600,145.0928,441563639,0.0000
2021-07-30,AAPL,148.2700,149.8300,142.5400,145.8600,142.4558,420947531,0.0000
2021-08-06,AAPL,146.3600,148.0450,145.1800,146.1400,142.9442,284559337,0.2200
2021-08-13,AAPL,146.2000,149.4444,145.3000,149.1000,145.8394,299050639,0.0000
2021-08-20,AAPL,148.5350,151.6800,144.5000,148.1900,144.9493,429624447,0.0000
2021-08-27,AAPL,148.3100,150.8600,146.8300,148.6000,145.3504,272129118,0.0000
2021-09-03,AAPL,149.0000,154.9800,148.6100,154.3000,150.9257,386760934,0.0000
2021-09-10,AAPL,154.9700,157.2600,148.7000,148.9700,145.7123,354897433,0.0000
2021-09-17,AAPL,150.6300,151.4200,145.7600,146.0600,142.8659,492884912,0.0000
2021-09-24,AAPL,143.8000,147.4701,141.2700,146.9200,143.7071,394033205,0.0000
2021-10-01,AAPL,145.4700,145.9600,139.1101,142.6500,139.5305,441421358,0.0000
2021-10-08,AAPL,141.7600,144.2150,138.2700,142.9000,139.7750,382910000,0.0000
2021-10-15,AAPL,142.2700,144.8950,139.2000,144.8400,141.6726,354098233,0.0000
2021-10-22,AAPL,143.4450,150.1800,143.1600,148.6900,145.4384,340691290,0.0000
2021-10-29,AAPL,148.6800,153.1650,146.4128,149.8000,146.5241,392739936,0.0000
2021-11-05,AAPL,148.9850,152.4300,147.8000,151.2800,148.1869,322688958,0.2200
2021-11-12,AAPL,151.4100,151.5700,147.4800,149.9900,146.9233,281026556,0.0000
2021-11-19,AAPL,150.3700,161.0200,149.3400,160.5500,157.2674,462419283,0.0000
2021-11-26,AAPL,161.6800,165.7000,156.3600,156.8100,153.6039,359933163,0.0000
2021-12-03,AAPL,159.3700,170.3000,157.8000,161.8400,158.5310,669981566,0.0000
2021-12-10,AAPL,164.2900,179.6300,164.2800,179.4500,175.7810,569227705,0.0000
2021-12-17,AAPL,181.1150,182.1300,169.6900,171.1400,167.6409,769789942,0.0000
2021-12-23,AAPL,168.2800,176.8499,167.4600,176.2800,172.6758,359176889,0.0000
2021-12-31,AAPL,177.0850,181.3300,177.0700,177.5700,173.9394,337847299,0.0000
2022-01-07,AAPL,177.8300,182.9400,171.0300,172.1700,168.6498,482162362,0.0000
2022-01-14,AAPL,169.0800,177.1800,168.1700,173.0700,169.5314,422454950,0.0000
2022-01-21,AAPL,171.5100,172.5400,162.3000,162.4100,159.0894,397684401,0.0000
2022-01-28,AAPL,160.0200,170.3500,154.7000,170.3300,166.8475,688670659,0.0000
2022-02-04,AAPL,170.1600,176.2399,169.5100,172.3900,169.0808,458553231,0.2200
2022-02-11,AAPL,172.8600,176.6500,168.0400,168.6400,165.4028,412902045,0.0000
2022-02-18,AAPL,167.3700,173.3400,166.1900,167.3000,164.0885,364011266,0.0000
2022-02-25,AAPL,164.9800,166.6900,152.0000,164.8500,161.6856,413588646,0.0000
2022-03-04,AAPL,163.0600,168.9100,161.9700,163.1700,160.0378,418753837,0.0000
2022-03-11,AAPL,163.3600,165.0200,154.5000,154.7300,151.7598,521334165,0.0000
2022-03-18,AAPL,151.4500,164.4800,150.1000,163.9800,160.8323,501667481,0.0000
2022-03-25,AAPL,163.5100,175.2800,163.0150,174.7200,171.3661,438484780,0.0000
2022-04-01,AAPL,172.1700,179.6100,171.9400,174.3100,170.9640,465395123,0.0000
2022-04-08,AAPL,174.5700,178.4900,169.2000,170.0900,166.8250,390677922,0.0000
2022-04-14,AAPL,168.7100,171.2700,165.0400,165.2900,162.1171,297460188,0.0000
2022-04-22,AAPL,163.9200,171.5300,161.5000,161.7900,158.6843,376576076,0.0000
2022-04-29,AAPL,161.1200,166.2000,155.3800,157.6500,154.6238,540082324,0.0000
2022-05-06,AAPL,156.7100,166.4800,153.2700,157.2800,154.4865,566193362,0.2300
2022-05-13,AAPL,154.9250,156.7400,138.8000,147.1100,144.4971,686227375,0.0000
2022-05-20,AAPL,145.5500,149.7700,132.6100,137.5900,135.1462,548244690,0.0000
2022-05-27,AAPL,137.7900,149.6800,137.1400,149.6400,146.9822,495921758,0.0000
2022-06-03,AAPL,149.0700,151.7400,144.4600,145.3800,142.7978,338923395,0.0000
2022-06-10,AAPL,147.0300,149.8697,137.0600,137.1300,134.6944,354396344,0.0000
2022-06-17,AAPL,132.8700,137.3400,129.0400,131.5600,129.2233,541006195,0.0000
2022-06-24,AAPL,133.4200,141.9100,133.3200,141.6600,139.1439,315960327,0.0000
2022-07-01,AAPL,142.6950,143.4900,133.7737,138.9300,136.4624,373781666,0.0000
2022-07-08,AAPL,137.7700,147.5500,136.9300,147.0400,144.4283,278295402,0.0000
2022-07-15,AAPL,145.6700,150.8600,142.1201,150.1700,147.5028,366480107,0.0000
2022-07-22,AAPL,150.7400,156.2800,146.7000,154.0900,151.3531,360988692,0.0000
2022-07-29,AAPL,154.0100,163.6300,150.8000,162.5100,159.6236,370548915,0.0000
2022-08-05,AAPL,161.0100,167.1900,159.6300,165.3500,162.6390,322415021,0.2300
2022-08-12,AAPL,166.3700,172.1700,163.2500,172.1000,169.2784,318856922,0.0000
2022-08-19,AAPL,171.5200,176.1500,171.3101,171.5200,168.7079,322647151,0.0000
2022-08-26,AAPL,169.6900,171.0500,163.5600,163.6200,160.9374,307194601,0.0000
2022-09-02,AAPL,161.1450,162.9000,154.6700,155.8100,153.2555,389809404,0.0000
2022-09-09,AAPL,156.4700,157.8200,152.6800,157.3700,154.7899,313749966,0.0000
2022-09-16,AAPL,159.5900,164.2600,148.3700,150.7000,148.2292,568337936,0.0000
2022-09-23,AAPL,149.3100,158.7400,148.5600,150.4300,147.9637,473155533,0.0000
2022-09-30,AAPL,149.6600,154.7200,138.0000,138.2000,135.9342,577537048,0.0000
2022-10-07,AAPL,138.2100,147.5400,137.6850,140.0900,137.7932,435940423,0.0000
2022-10-14,AAPL,140.4200,144.5200,134.3700,138.3800,136.1112,424188362,0.0000
2022-10-21,AAPL,141.0650,147.8479,140.2700,147.2700,144.8555,397216487,0.0000
2022-10-28,AAPL,147.1850,157.5000,144.1300,155.7400,153.1866,513092901,0.0000
2022-11-04,AAPL,153.1550,155.4500,134.3800,138.3800,136.3375,510660451,0.2300
2022-11-11,AAPL,137.1100,150.0100,134.5933,149.7000,147.4904,461034592,0.0000
2022-11-18,AAPL,148.9700,153.5900,146.1500,151.2900,149.0569,382679685,0.0000
2022-11-25,AAPL,150.1600,151.8300,146.9250,148.1100,145.9238,204025457,0.0000
2022-12-02,AAPL,145.1400,149.1300,140.3550,147.8100,145.6283,401189067,0.0000
2022-12-09,AAPL,147.7700,150.9199,140.0000,142.1600,140.0617,341500071,0.0000
2022-12-16,AAPL,142.7000,149.9692,133.7300,134.5100,132.5246,505728804,0.0000
2022-12-23,AAPL,135.1100,136.8100,129.6400,131.8600,129.9137,384620427,0.0000
2022-12-30,AAPL,131.3800,131.4100,125.8700,129.9300,128.0122,307184140,0.0000
2023-01-06,AAPL,130.2800,130.9000,124.1700,129.6200,127.7068,369948527,0.0000
2023-01-13,AAPL,130.4650,134.9200,128.1200,134.7600,132.7709,333335284,0.0000
2023-01-20,AAPL,134.8300,138.6100,133.7700,137.8700,135.8350,271823466,0.0000
2023-01-27,AAPL,138.1200,147.2300,137.9000,145.9300,143.7760,338655715,0.0000
2023-02-03,AAPL,144.9550,157.3800,141.3200,154.5000,152.2195,480249683,0.0000
2023-02-10,AAPL,152.5750,155.2300,149.2200,151.0100,149.0076,330758787,0.2300
2023-02-17,AAPL,150.9520,156.3300,150.8500,152.5500,150.5272,316887898,0.0000
2023-02-24,AAPL,150.2000,151.3000,145.7202,146.7100,144.7647,213742390,0.0000
2023-03-03,AAPL,147.7100,151.1100,143.9000,151.0300,149.0274,274036517,0.0000
2023-03-10,AAPL,153.7850,156.3000,147.6096,148.5000,146.5309,313350829,0.0000
2023-03-17,AAPL,147.8050,156.7400,147.7000,155.0000,152.9447,410519933,0.0000
2023-03-24,AAPL,155.0700,162.1400,154.1500,160.2500,158.1251,350159914,0.0000
2023-03-31,AAPL,159.9400,165.0000,155.9800,164.9000,162.7135,267939590,0.0000
2023-04-06,AAPL,164.2700,166.8400,161.8000,164.6600,162.4766,200156349,0.0000
2023-04-14,AAPL,161.4200,166.3200,159.7800,165.2100,163.0193,263326290,0.0000
2023-04-21,AAPL,165.0900,168.1600,164.0300,165.0200,162.8319,249150510,0.0000
2023-04-28,AAPL,165.0000,169.8500,162.8000,169.6800,167.4301,254947569,0.0000
2023-05-05,AAPL,169.2800,174.3000,164.3100,173.5700,171.2685,360723248,0.0000
2023-05-12,AAPL,172.4800,174.5900,171.0000,172.5700,170.5186,250061982,0.2400
2023-05-19,AAPL,173.1600,176.3900,170.4201,175.1600,173.0778,258634688,0.0000
2023-05-26,AAPL,173.9800,175.7700,170.5200,175.4300,173.3446,250354916,0.0000
2023-06-02,AAPL,176.9600,181.7800,176.5700,180.9500,178.7990,286176391,0.0000
2023-06-09,AAPL,182.6300,184.9510,177.3200,180.9600,178.8088,347854340,0.0000
2023-06-16,AAPL,181.2700,186.9900,180.9700,184.9200,182.7218,333836397,0.0000
2023-06-23,AAPL,184.4100,187.5600,182.5901,186.6800,184.4608,203677112,0.0000
2023-06-30,AAPL,186.8300,194.4800,185.2300,193.9700,191.6642,281596832,0.0000
2023-07-07,AAPL,193.7800,193.8800,189.2000,190.6800,188.4133,170349466,0.0000
2023-07-14,AAPL,189.2600,191.7000,186.6000,190.6900,188.4232,250269110,0.0000
2023-07-21,AAPL,191.9000,198.2300,191.2300,191.9400,189.6583,310914135,0.0000
2023-07-28,AAPL,193.4100,197.2000,192.2500,195.8300,193.5021,226011789,0.0000
2023-08-04,AAPL,196.0600,196.7300,181.9200,181.9900,179.8266,302694989,0.0000
2023-08-11,AAPL,182.1300,183.1300,176.5500,177.7900,175.9137,332501087,0.2400
2023-08-18,AAPL,177.9700,179.6900,171.9600,174.4900,172.6485,261498109,0.0000
2023-08-25,AAPL,175.0700,181.5500,173.7350,178.6100,176.7250,247514268,0.0000
2023-09-01,AAPL,180.0900,189.9200,178.5450,189.4600,187.4605,264199503,0.0000
2023-09-08,AAPL,188.2800,189.9800,173.5400,178.1800,176.2996,305126712,0.0000
2023-09-15,AAPL,180.0700,180.3000,173.5800,175.0100,173.1630,403746390,0.0000
2023-09-22,AAPL,176.4800,179.6950,173.8600,174.7900,172.9453,297395196,0.0000
2023-09-29,AAPL,174.2000,176.9700,167.6200,171.2100,169.4031,285838995,0.0000
2023-10-06,AAPL,171.2200,177.9900,170.8200,177.4900,175.6168,260574027,0.0000
2023-10-13,AAPL,176.8100,182.3400,175.8000,178.8500,176.9625,241839090,0.0000
2023-10-20,AAPL,176.7500,179.0750,172.6400,172.8800,171.0555,288377600,0.0000
2023-10-27,AAPL,170.9100,174.0100,165.6700,168.2200,166.4447,286078102,0.0000
2023-11-03,AAPL,169.0200,177.7800,167.9000,176.6500,174.7857,310075876,0.0000
2023-11-10,AAPL,176.3800,186.5650,176.2100,186.4000,184.6703,303653020,0.2400
2023-11-17,AAPL,185.8200,190.9600,184.2100,189.6900,187.9297,262880715,0.0000
2023-11-24,AAPL,189.8900,192.9300,189.2500,189.9700,188.2071,148351454,0.0000
2023-12-01,AAPL,189.9200,192.0900,188.1900,191.2400,189.4654,216481441,0.0000
2023-12-08,AAPL,189.9800,195.9900,187.4511,195.7100,193.8939,251797045,0.0000
2023-12-15,AAPL,193.1100,199.6200,191.4200,197.5700,195.7366,379414755,0.0000
2023-12-22,AAPL,196.0900,197.6800,192.9700,193.6000,191.8035,231859933,0.0000
2023-12-29,AAPL,193.6100,194.6600,191.0900,192.5300,190.7434,153541162,0.0000
2024-01-05,AAPL,187.1500,188.4400,180.1700,181.1800,179.4987,275083628,0.0000
2024-01-12,AAPL,182.0850,187.0500,181.5000,185.9200,184.1947,238385377,0.0000
2024-01-19,AAPL,182.1600,191.9500,180.3000,191.5600,189.7824,259829213,0.0000
2024-01-26,AAPL,192.3000,196.3800,191.9400,192.4200,190.6344,255368848,0.0000
2024-02-02,AAPL,192.0100,192.2000,179.2500,185.8500,184.1254,325909883,0.0000
2024-02-09,AAPL,188.1500,191.0500,185.8400,188.8500,187.3353,252715796,0.2400
2024-02-16,AAPL,188.4150,188.6700,181.3500,182.3100,180.8478,268128941,0.0000
2024-02-23,AAPL,181.7900,185.0400,180.0000,182.5200,181.0561,192607112,0.0000
2024-03-01,AAPL,182.2400,183.9225,177.3800,179.6600,178.2190,354385890,0.0000
2024-03-08,AAPL,176.1500,176.9000,168.4900,170.7300,169.3606,393262265,0.0000
2024-03-15,AAPL,172.9400,174.3800,170.2850,172.6200,171.2355,364748130,0.0000
2024-03-22,AAPL,175.5700,178.6700,170.0600,172.2800,170.8982,361583938,0.0000
2024-03-28,AAPL,170.5650,173.6000,169.4500,171.4800,170.1046,237622732,0.0000
2024-04-05,AAPL,171.1900,171.9200,168.2302,169.5800,168.2199,233688457,0.0000
2024-04-12,AAPL,169.0300,178.3600,167.1100,176.5500,175.1340,321898799,0.0000
2024-04-19,AAPL,175.3600,176.6300,164.0750,165.0000,163.6766,309416498,0.0000
2024-04-26,AAPL,165.5150,171.3400,164.7700,169.3000,167.9421,241302722,0.0000
2024-05-03,AAPL,173.3700,187.0000,169.1100,183.3800,181.9092,441926366,0.0000
2024-05-10,AAPL,182.3540,185.0900,180.4200,183.0500,181.8298,300674993,0.2500
2024-05-17,AAPL,185.4350,191.0950,184.6200,189.8700,188.6044,288966571,0.0000
2024-05-24,AAPL,189.3250,192.8231,186.6250,189.9800,188.7136,208652122,0.0000
2024-05-31,AAPL,191.5100,193.0000,189.1000,192.2500,190.9685,230454285,0.0000
2024-06-07,AAPL,192.9000,196.9400,192.5200,196.8900,195.5776,245994434,0.0000
2024-06-14,AAPL,196.9000,220.2000,192.1500,212.4900,211.0736,635755143,0.0000
2024-06-21,AAPL,213.3700,218.9500,207.1100,207.4900,206.1069,506265358,0.0000
2024-06-28,AAPL,207.7200,216.0700,206.5900,210.6200,209.2160,335969485,0.0000
2024-07-05,AAPL,212.0900,226.4500,211.9200,226.3400,224.8313,216231316,0.0000
2024-07-12,AAPL,227.0900,233.0800,223.2500,230.5400,229.0033,287640514,0.0000
2024-07-19,AAPL,236.4800,237.2300,222.2700,224.3100,222.8148,278397452,0.0000
2024-07-26,AAPL,227.0100,227.7800,214.6200,217.9600,216.5071,242932215,0.0000
2024-08-02,AAPL,216.9600,225.6000,215.7500,219.8600,218.3945,296061436,0.0000
2024-08-09,AAPL,199.0900,216.7800,196.0000,216.2400,214.7986,342088289,0.0000
2024-08-16,AAPL,216.0700,226.8271,215.6000,226.0500,224.8013,214898250,0.2500
2024-08-23,AAPL,225.7200,228.3400,223.0400,226.8400,225.5869,188124897,0.0000
2024-08-30,AAPL,226.7600,232.9200,223.8905,229.0000,227.7350,209486001,0.0000
2024-09-06,AAPL,228.5500,229.0000,217.4800,220.8200,219.6001,178491741,0.0000
2024-09-13,AAPL,220.8200,224.0400,216.7100,222.5000,221.2709,237622914,0.0000
2024-09-20,AAPL,216.5400,233.0900,213.9200,228.2000,226.9394,550232897,0.0000
2024-09-27,AAPL,227.3400,229.5200,224.0200,227.7900,226.5316,210673480,0.0000
2024-10-04,AAPL,230.0400,233.0000,223.0200,226.8000,225.5471,222348300,0.0000
2024-10-11,AAPL,224.5000,229.7500,221.3300,227.5500,226.2930,164894870,0.0000
2024-10-18,AAPL,228.7000,237.4900,228.6000,235.0000,233.7018,218140974,0.0000
2024-10-25,AAPL,234.4500,236.8500,227.7600,231.4100,230.1316,197299834,0.0000
2024-11-01,AAPL,233.3200,234.7300,220.2700,222.9100,221.6786,248222115,0.0000
2024-11-08,AAPL,220.9900,228.6600,219.7100,226.9600,225.9548,208083442,0.2500
2024-11-15,AAPL,225.0000,228.8700,221.5000,225.0000,224.0035,223817755,0.0000
2024-11-22,AAPL,225.2500,230.7199,225.1700,229.8700,228.8520,196343939,0.0000
2024-11-29,AAPL,231.4600,237.8100,229.7400,237.3300,236.2789,198118837,0.0000
2024-12-06,AAPL,237.2700,244.6300,237.1600,242.8400,241.7645,208286552,0.0000
2024-12-13,AAPL,241.8300,250.8000,241.7500,248.1300,247.0311,192702674,0.0000
2024-12-20,AAPL,247.9900,255.0000,245.6900,254.4900,253.3629,368202745,0.0000
2024-12-27,AAPL,254.7700,260.1000,253.0600,255.5900,254.4580,133711783,0.0000
2025-01-03,AAPL,252.2300,253.5000,241.8201,243.3600,242.2822,171023105,0.0000
2025-01-10,AAPL,244.3100,247.3300,233.0000,236.8500,235.8010,185241327,0.0000
2025-01-17,AAPL,233.5300,238.9600,228.0300,229.9800,228.9615,269145341,0.0000
2025-01-24,AAPL,224.0000,227.0300,219.3800,222.7800,221.7934,277129596,0.0000
2025-01-31,AAPL,224.0200,247.1900,223.9800,236.0000,234.9548,372790494,0.0000
2025-02-07,AAPL,229.9900,234.0000,225.7000,227.6300,226.6219,227428164,0.0000
2025-02-14,AAPL,229.5700,245.5500,227.2000,244.6000,243.7841,226587580,0.2500
2025-02-21,AAPL,244.1500,248.6900,241.8400,245.5500,244.7310,166541044,0.0000
2025-02-28,AAPL,244.9250,250.0000,230.2000,241.8400,241.0334,241760231,0.0000
2025-03-07,AAPL,241.7900,244.0272,229.2300,239.0700,238.2726,239653674,0.0000
2025-03-14,AAPL,235.5400,236.1600,208.4200,213.4900,212.7779,331612070,0.0000
2025-03-21,AAPL,213.3100,218.8400,209.9700,218.2700,217.5420,287881958,0.0000
2025-03-28,AAPL,221.0000,225.0200,217.6800,217.9000,217.1732,190239113,0.0000
2025-04-04,AAPL,217.0050,225.6200,187.3400,188.3800,187.7517,366947884,0.0000
2025-04-11,AAPL,177.2000,200.6100,169.2101,198.1500,197.4891,675037558,0.0000
2025-04-17,AAPL,211.4400,212.9400,192.3700,196.9800,196.3230,264593881,0.0000
2025-04-25,AAPL,193.2650,209.7500,189.8112,209.2800,208.5820,238181320,0.0000
2025-05-02,AAPL,210.0000,214.5600,202.1600,205.3500,204.6651,286233457,0.0000
2025-05-09,AAPL,203.1000,204.1000,193.2500,198.5300,197.8678,275784672,0.0000
2025-05-16,AAPL,210.9700,213.9400,206.7500,211.2600,210.8151,264778294,0.2600
2025-05-23,AAPL,207.9100,209.4800,193.4600,195.2700,194.8587,273024261,0.0000
2025-05-30,AAPL,198.3000,203.8100,196.7800,200.8500,200.4270,223926033,0.0000
2025-06-06,AAPL,200.2800,206.2400,200.1200,203.9200,203.4905,227237774,0.0000
2025-06-13,AAPL,204.3900,206.0000,195.7000,196.4500,196.0363,283877006,0.0000
2025-06-20,AAPL,197.3000,201.7000,195.0700,201.0000,200.5767,224085074,0.0000
2025-06-27,AAPL,201.6250,203.6700,198.9600,201.0800,200.6565,273391727,0.0000
2025-07-03,AAPL,202.0100,214.6500,199.2607,213.5500,213.1002,273599330,0.0000
2025-07-11,AAPL,212.6800,216.2300,207.2200,211.1600,210.7153,226036726,0.0000
2025-07-18,AAPL,209.9250,212.4000,207.5400,211.1800,210.7352,225669714,0.0000
2025-07-25,AAPL,212.1000,215.7800,211.6300,213.8800,213.4295,231062208,0.0000
2025-08-01,AAPL,214.0300,214.8450,201.5000,202.3800,201.9538,319915158,0.0000
2025-08-08,AAPL,204.5050,231.0000,201.6750,229.3500,228.8670,431826281,0.0000
2025-08-15,AAPL,227.9200,235.1200,224.7600,231.5900,231.3667,295311911,0.2600
2025-08-22,AAPL,231.7000,233.1200,223.7804,227.7600,227.5404,192241677,0.0000
2025-08-29,AAPL,226.4800,233.4100,224.6900,232.1400,231.9162,194310890,0.0000
2025-09-05,AAPL,229.2500,241.3200,226.9700,239.6900,239.4589,212557180,0.0000
2025-09-12,AAPL,239.3000,240.1500,225.9500,234.0700,233.8443,304787017,0.0000
2025-09-19,AAPL,237.0000,246.3000,235.0300,245.5000,245.2633,360619530,0.0000
2025-09-26,AAPL,248.3000,257.6000,248.1200,255.4600,255.2137,309374646,0.0000
2025-10-03,AAPL,254.5600,259.2400,253.0100,258.0200,257.7713,218331739,0.0000
2025-10-10,AAPL,257.9900,259.0700,244.0000,245.2700,245.0335,213437899,0.0000
2025-10-17,AAPL,249.3800,253.3800,244.7000,252.2900,252.0468,196438474,0.0000
2025-10-24,AAPL,255.8850,265.2900,255.4300,262.8200,262.5666,253202889,0.0000
2025-10-31,AAPL,264.8800,277.3200,264.6501,270.3700,270.1093,293563310,0.0000
2025-11-07,AAPL,270.4200,273.4000,266.2500,268.4700,268.2112,241487127,0.0000
2025-11-14,AAPL,268.9600,276.6990,267.4550,272.4100,272.4100,232952837,0.2600
2025-11-20,AAPL,268.8150,275.4300,265.3200,266.2500,266.2500,176741781,0.0000
2020-11-27,MSFT,210.9500,216.2700,208.1600,215.2300,206.9002,95039045,0.0000
2020-12-04,MSFT,214.1000,217.3200,210.8350,214.3600,206.0639,137074249,0.0000
2020-12-11,MSFT,214.3700,216.9500,209.1100,213.2600,205.0064,137791151,0.0000
2020-12-18,MSFT,213.1000,220.8900,212.2400,218.5900,210.1302,186710444,0.0000
2020-12-24,MSFT,217.5500,225.6300,217.2801,222.7500,214.1292,89075493,0.0000
2020-12-31,MSFT,224.4500,227.1800,219.6800,222.4200,213.8119,76380383,0.0000
2021-01-08,MSFT,222.5300,223.0000,211.9400,219.6200,211.1203,147534431,0.0000
2021-01-15,MSFT,218.4700,218.9100,212.0300,212.6500,204.4200,127375699,0.0000
2021-01-22,MSFT,213.7500,230.0700,212.6300,225.9500,217.2053,129180335,0.0000
2021-01-29,MSFT,229.1200,242.6400,224.2200,231.9600,222.9827,243806631,0.0000
2021-02-05,MSFT,235.0600,245.0900,232.4300,242.2000,232.8264,129501505,0.0000
2021-02-12,MSFT,243.1500,245.9200,240.8100,244.9900,235.5084,100112782,0.0000
2021-02-19,MSFT,245.0300,246.1300,240.1800,240.9700,232.1752,90368267,0.5600
2021-02-26,MSFT,237.4200,237.9300,227.8800,232.3800,223.8987,169414358,0.0000
2021-03-05,MSFT,235.9000,237.4700,224.2600,231.6000,223.1472,168775377,0.0000
2021-03-12,MSFT,231.3700,239.1700,227.1300,235.7500,227.1457,150656031,0.0000
2021-03-19,MSFT,234.9600,240.0550,229.3496,230.3500,221.9428,164979946,0.0000
2021-03-26,MSFT,230.2700,241.0500,230.1400,236.4800,227.8491,146927214,0.0000
2021-04-01,MSFT,236.5900,242.8400,231.1000,242.3500,233.5048,123980920,0.0000
2021-04-09,MSFT,242.7600,255.9900,242.7000,255.8500,246.5121,130514397,0.0000
2021-04-16,MSFT,254.7100,261.0000,254.6200,260.7400,251.2237,124563138,0.0000
2021-04-23,MSFT,260.1900,261.7800,255.6400,261.1500,251.6187,114067956,0.0000
2021-04-30,MSFT,261.6600,263.1900,249.0000,252.1800,242.9761,169214799,0.0000
2021-05-07,MSFT,253.4000,254.3500,244.6900,252.4600,243.2459,127807942,0.0000
2021-05-14,MSFT,250.8700,251.7300,238.0700,248.1500,239.0932,153151228,0.0000
2021-05-21,MSFT,246.5500,248.3300,238.6000,245.1700,236.7660,114541724,0.5600
2021-05-28,MSFT,247.7850,252.9400,247.5100,249.6800,241.1214,99588636,0.0000
2021-06-04,MSFT,251.2300,251.6500,243.0000,250.7900,242.1934,93208820,0.0000
2021-06-11,MSFT,249.9800,258.4868,249.8100,257.8900,249.0500,107035149,0.0000
2021-06-18,MSFT,257.9000,262.3000,254.4200,259.4300,250.5372,128993727,0.0000
2021-06-25,MSFT,259.8200,267.8500,257.9200,265.0200,255.9356,117966870,0.0000
2021-07-02,MSFT,266.1850,278.0000,265.9100,277.6500,268.1327,104384023,0.0000
2021-07-09,MSFT,278.0300,280.6945,274.3000,277.9400,268.4127,103360847,0.0000
2021-07-16,MSFT,279.1570,284.1000,276.5800,280.7500,271.1264,116956560,0.0000
2021-07-23,MSFT,278.9335,289.9900,274.4500,289.6700,279.7407,129711825,0.0000
2021-07-30,MSFT,289.0000,290.1500,282.9500,284.9100,275.1438,129074080,0.0000
2021-08-06,MSFT,286.3600,289.6300,283.7400,289.4600,279.5379,80827209,0.0000
2021-08-13,MSFT,289.7500,292.9000,285.2000,292.8500,282.8116,80543547,0.0000
2021-08-20,MSFT,293.1900,305.8400,288.6400,304.3600,294.4933,135072369,0.5600
2021-08-27,MSFT,303.2450,305.6500,296.8300,299.7200,290.0037,101283798,0.0000
2021-09-03,MSFT,301.1150,305.1900,300.1800,301.1400,291.3777,92659391,0.0000
2021-09-10,MSFT,301.0050,302.1400,295.3800,295.7100,286.1237,71791265,0.0000
2021-09-17,MSFT,297.5500,305.3200,294.0800,299.8700,290.1488,134785958,0.0000
2021-09-24,MSFT,296.3300,300.9000,289.5200,299.3500,289.6457,120872685,0.0000
2021-10-01,MSFT,296.1400,296.4700,281.2900,289.1000,279.7280,155541590,0.0000
2021-10-08,MSFT,287.4000,296.6409,280.2500,294.8500,285.2916,122462501,0.0000
2021-10-15,MSFT,292.9200,304.4500,292.3500,304.2100,294.3481,113344507,0.0000
2021-10-22,MSFT,303.5700,311.0900,302.6900,309.1600,299.1377,91315937,0.0000
2021-10-29,MSFT,309.3600,332.0000,306.4600,331.6200,320.8696,159314433,0.0000
2021-11-05,MSFT,331.3550,338.7900,326.3700,336.0600,325.1656,120621826,0.0000
2021-11-12,MSFT,337.3000,338.7200,329.9200,336.7200,325.8042,106622220,0.0000
2021-11-19,MSFT,337.5400,345.1000,334.0340,343.1100,332.5940,101090157,0.6200
2021-11-26,MSFT,344.6200,349.6700,328.1200,329.6800,319.5756,107337225,0.0000
2021-12-03,MSFT,334.9400,339.2800,318.0300,323.0100,313.1101,177395495,0.0000
2021-12-10,MSFT,323.9500,343.0000,319.2300,342.5400,332.0415,146125332,0.0000
2021-12-17,MSFT,340.6800,343.7900,317.2500,323.8000,313.8759,191737796,0.0000
2021-12-23,MSFT,320.0500,336.3900,317.5700,334.6900,324.4321,97516470,0.0000
2021-12-31,MSFT,335.4600,344.3000,335.4300,336.3200,326.0121,84417803,0.0000
2022-01-07,MSFT,335.3500,338.0000,310.0900,314.0400,304.4150,174012812,0.0000
2022-01-14,MSFT,309.4850,323.4100,303.7500,310.2000,300.6927,193141391,0.0000
2022-01-21,MSFT,304.0700,313.9093,295.6100,296.0300,286.9570,180568678,0.0000
2022-01-28,MSFT,292.2000,308.5000,276.0500,308.2600,298.8121,352537899,0.0000
2022-02-04,MSFT,308.9500,315.1200,299.9600,305.9400,296.5633,202857381,0.0000
2022-02-11,MSFT,306.1700,311.9300,294.2200,295.0400,285.9973,176800964,0.0000
2022-02-18,MSFT,293.7700,300.8700,286.3050,287.9300,279.6830,160446684,0.6200
2022-02-25,MSFT,285.0000,297.6300,271.5200,297.3100,288.7944,168916893,0.0000
2022-03-04,MSFT,294.3100,303.1300,287.1650,289.8600,281.5577,157402366,0.0000
2022-03-11,MSFT,288.5300,289.6900,270.0000,280.0700,272.0481,184358475,0.0000
2022-03-18,MSFT,280.3400,301.0000,275.8200,300.4300,291.8250,175744631,0.0000
2022-03-25,MSFT,298.8900,305.5000,294.9000,303.6800,294.9819,128192615,0.0000
2022-04-01,MSFT,304.3300,315.9500,304.3300,309.4200,300.5575,148667745,0.0000
2022-04-08,MSFT,310.0900,315.1100,296.2800,296.9700,288.4641,143204193,0.0000
2022-04-14,MSFT,291.7900,292.6100,279.3200,279.8300,271.8150,115664768,0.0000
2022-04-22,MSFT,278.9100,293.3000,273.3800,274.0300,266.1811,124741446,0.0000
2022-04-29,MSFT,273.2900,290.9800,270.0000,277.5200,269.5712,211924047,0.0000
2022-05-06,MSFT,277.7100,290.8800,271.2700,274.7300,266.8611,175633827,0.0000
2022-05-13,MSFT,270.0600,273.7500,250.0200,261.1200,253.6409,221997169,0.0000
2022-05-20,MSFT,259.9550,268.3300,246.4400,252.5600,245.9247,164627282,0.6200
2022-05-27,MSFT,255.4900,273.3400,253.4300,273.2400,266.0614,142680141,0.0000
2022-06-03,MSFT,272.5300,277.6900,261.6000,270.0200,262.9260,135187036,0.0000
2022-06-10,MSFT,272.0600,274.1800,252.5300,252.9900,246.3434,120518929,0.0000
2022-06-17,MSFT,245.1100,255.3000,241.5100,247.6500,241.1437,184152944,0.0000
2022-06-24,MSFT,250.2550,267.9800,249.5100,267.7000,260.6670,115674192,0.0000
2022-07-01,MSFT,268.2050,268.3000,252.9000,259.5800,252.7603,126633760,0.0000
2022-07-08,MSFT,256.1600,269.0550,254.7400,267.6600,260.6280,87314678,0.0000
2022-07-15,MSFT,265.6500,266.5300,245.9400,256.7200,249.9754,139761854,0.0000
2022-07-22,MSFT,259.7500,265.3300,253.3000,260.3600,253.5198,113061843,0.0000
2022-07-29,MSFT,260.9950,282.0000,249.5700,280.7400,273.3644,172010083,0.0000
2022-08-05,MSFT,277.8200,283.8000,272.3800,282.9100,275.4774,102685912,0.0000
2022-08-12,MSFT,284.0500,291.9100,277.6100,291.9100,284.2409,109536514,0.0000
2022-08-19,MSFT,291.0000,294.1800,285.5600,286.1500,279.2253,92198119,0.6200
2022-08-26,MSFT,282.0800,282.4600,267.9800,268.0900,261.6023,104858212,0.0000
2022-09-02,MSFT,265.8500,267.4000,254.4700,256.0600,249.8634,113799087,0.0000
2022-09-09,MSFT,256.2000,265.2300,251.9400,264.4600,258.0601,87823670,0.0000
2022-09-16,MSFT,265.7800,267.4500,242.0627,244.7400,238.8174,147336678,0.0000
2022-09-23,MSFT,242.4650,247.6600,235.2000,237.9200,232.1624,147215927,0.0000
2022-09-30,MSFT,237.0450,242.3300,232.7300,232.9000,227.2639,146921666,0.0000
2022-10-07,MSFT,235.4100,250.5800,233.1700,234.2400,228.5715,142125397,0.0000
2022-10-14,MSFT,233.0500,237.2400,219.1300,228.5600,223.0289,154871905,0.0000
2022-10-21,MSFT,235.8200,243.9300,234.2900,242.1200,236.2608,122568305,0.0000
2022-10-28,MSFT,243.7600,251.0400,225.7800,235.8700,230.1620,223443932,0.0000
2022-11-04,MSFT,233.7600,235.7400,213.4310,221.3900,216.0324,170779529,0.0000
2022-11-11,MSFT,221.9900,247.9900,221.2800,247.1100,241.1300,170431704,0.0000
2022-11-18,MSFT,241.9850,247.0000,237.6300,241.2200,236.0447,137343796,0.6800
2022-11-25,MSFT,241.4300,248.7000,240.7100,247.4900,242.1802,74769633,0.0000
2022-12-02,MSFT,246.0800,256.1200,238.2100,255.0200,249.5486,137930867,0.0000
2022-12-09,MSFT,252.0100,253.8190,242.2050,245.4200,240.1546,109602043,0.0000
2022-12-16,MSFT,247.4450,263.9150,243.5100,244.6900,239.4402,229942973,0.0000
2022-12-23,MSFT,244.8600,245.6150,233.8700,238.7300,233.6081,128396491,0.0000
2022-12-30,MSFT,238.7000,241.9200,234.1700,239.8200,234.6747,75854917,0.0000
2023-01-06,MSFT,243.0800,245.7500,219.3500,224.9300,220.1042,159562627,0.0000
2023-01-13,MSFT,226.4500,239.9000,226.4100,239.2300,234.0974,131675747,0.0000
2023-01-20,MSFT,237.9700,242.3800,230.6800,240.2200,235.0661,123872791,0.0000
2023-01-27,MSFT,241.1000,249.8300,230.9000,248.1600,242.8358,198648466,0.0000
2023-02-03,MSFT,244.5100,264.6900,242.2000,258.3500,252.8072,152686042,0.0000
2023-02-10,MSFT,257.4400,276.7600,254.7800,263.1000,257.4553,196239002,0.0000
2023-02-17,MSFT,267.6400,274.9700,256.0000,258.0600,253.1610,170244679,0.6800
2023-02-24,MSFT,254.4800,256.8400,248.1000,249.2200,244.4888,105098500,0.0000
2023-03-03,MSFT,252.4600,255.6200,245.6100,255.2900,250.4436,126840033,0.0000
2023-03-10,MSFT,256.4250,260.1200,247.6000,248.5900,243.8708,117910562,0.0000
2023-03-17,MSFT,247.4000,283.3300,245.7300,279.4300,274.1253,237347572,0.0000
2023-03-24,MSFT,276.9800,281.0600,269.5191,280.5700,275.2437,177709524,0.0000
2023-03-31,MSFT,280.5000,289.2700,272.0451,288.3000,282.8269,131625277,0.0000
2023-04-06,MSFT,286.5200,292.0800,282.0300,291.6000,286.0643,102542745,0.0000
2023-04-14,MSFT,289.2080,289.9000,281.6400,286.1400,280.7079,122993610,0.0000
2023-04-21,MSFT,289.9300,291.7550,283.0608,285.7600,280.3351,106024017,0.0000
2023-04-28,MSFT,282.0900,308.9300,275.3700,307.2600,301.4270,219796618,0.0000
2023-05-05,MSFT,306.9700,311.9700,303.4000,310.6500,304.7526,120776259,0.0000
2023-05-12,MSFT,310.1300,313.0000,306.0900,308.9700,303.1045,124192361,0.0000
2023-05-19,MSFT,309.0950,319.0400,307.5900,318.3400,312.9729,122204598,0.6800
2023-05-26,MSFT,318.6000,333.4000,312.6100,332.8900,327.2776,158230100,0.0000
2023-06-02,MSFT,335.2300,337.5000,324.7200,335.4000,329.7453,127697548,0.0000
2023-06-09,MSFT,335.2200,338.5599,322.5000,326.7900,321.2805,128227063,0.0000
2023-06-16,MSFT,328.5800,351.4700,325.1600,342.3300,336.5585,158712883,0.0000
2023-06-23,MSFT,339.3100,342.0800,332.0700,335.0200,329.3717,98196871,0.0000
2023-06-30,MSFT,333.7200,342.7300,328.4900,340.5400,334.7987,109964013,0.0000
2023-07-07,MSFT,339.1900,342.9900,334.7276,337.2200,331.5346,80091428,0.0000
2023-07-14,MSFT,334.6000,351.4300,327.0000,345.2400,339.4194,138404817,0.0000
2023-07-21,MSFT,345.6780,366.7800,339.8300,343.7700,337.9742,228153310,0.0000
2023-07-28,MSFT,345.8500,351.8900,329.0500,338.3700,332.6652,194860778,0.0000
2023-08-04,MSFT,336.9200,338.5400,325.9500,327.7800,322.2538,113690368,0.0000
2023-08-11,MSFT,328.3700,331.1100,319.2100,321.0100,315.5979,106911584,0.0000
2023-08-18,MSFT,321.3900,325.0900,311.5508,316.4800,311.8047,102513461,0.6800
2023-08-25,MSFT,317.9300,332.9800,317.0400,322.9800,318.2086,106273900,0.0000
2023-09-01,MSFT,325.6600,331.9900,321.7220,328.6600,323.8047,90668160,0.0000
2023-09-08,MSFT,329.0000,336.1600,328.6600,334.2700,329.3318,74018792,0.0000
2023-09-15,MSFT,337.2400,340.8600,329.6500,330.2200,325.3417,108640058,0.0000
2023-09-22,MSFT,327.8000,330.4000,315.0000,317.0100,312.3268,111793469,0.0000
2023-09-29,MSFT,316.5900,319.4700,309.4500,315.7500,311.0854,107374481,0.0000
2023-10-06,MSFT,316.2800,329.1900,311.2150,327.2600,322.4254,104962901,0.0000
2023-10-13,MSFT,324.7500,333.8300,323.1800,327.7300,322.8885,100910313,0.0000
2023-10-20,MSFT,331.0500,336.8800,325.4500,326.6700,321.8441,113729959,0.0000
2023-10-27,MSFT,325.4700,346.2000,324.3900,329.8100,324.9377,178267212,0.0000
2023-11-03,MSFT,333.4100,354.3900,331.8300,352.8000,347.5881,119237928,0.0000
2023-11-10,MSFT,353.4500,370.1000,353.3500,369.6700,364.2089,129342555,0.0000
2023-11-17,MSFT,368.2200,376.3500,365.9000,369.8500,365.1255,142038149,0.7500
2023-11-24,MSFT,371.2200,379.7899,371.0000,377.4300,372.6087,114489942,0.0000
2023-12-01,MSFT,376.7800,384.3000,371.3100,374.5100,369.7260,135190626,0.0000
2023-12-08,MSFT,369.1000,374.4600,362.9000,374.2300,369.4496,119519918,0.0000
2023-12-15,MSFT,368.4800,377.6361,364.1300,370.7300,365.9943,205282326,0.0000
2023-12-22,MSFT,369.4500,376.0300,368.6800,374.5800,369.7951,103468302,0.0000
2023-12-29,MSFT,375.0000,377.1600,372.8116,376.0400,371.2364,60603657,0.0000
2024-01-05,MSFT,373.8600,375.9000,366.5000,367.7500,363.0523,89318051,0.0000
2024-01-12,MSFT,369.3000,390.6800,369.0100,388.4700,383.5077,118990164,0.0000
2024-01-19,MSFT,393.6600,398.6700,384.8100,398.6700,393.5774,102159580,0.0000
2024-01-26,MSFT,400.0200,407.0100,393.5900,403.9300,398.7702,109649099,0.0000
2024-02-02,MSFT,406.0600,415.3200,397.2100,411.2200,405.9670,164773339,0.0000
2024-02-09,MSFT,409.9000,420.8200,402.9100,420.5500,415.1779,109333537,0.0000
2024-02-16,MSFT,420.5550,420.7400,403.3900,404.0600,399.6291,113551067,0.7500
2024-02-23,MSFT,403.2400,415.8600,397.2200,410.3400,405.8402,86244735,0.0000
2024-03-01,MSFT,411.4550,415.8700,403.8500,415.5000,410.9437,93983165,0.0000
2024-03-08,MSFT,413.4400,417.3500,398.3900,406.2200,401.7654,103579947,0.0000
2024-03-15,MSFT,403.7600,427.8200,401.2600,416.4200,411.8536,133587381,0.0000
2024-03-22,MSFT,414.2500,430.8200,413.7800,428.7400,424.0385,96748672,0.0000
2024-03-28,MSFT,425.2400,427.4100,419.0100,420.7200,416.1064,73362236,0.0000
2024-04-05,MSFT,423.9500,428.6700,417.5700,425.5200,420.8538,85744235,0.0000
2024-04-12,MSFT,425.1700,429.3700,419.7000,421.9000,417.2735,80153656,0.0000
2024-04-19,MSFT,426.6000,426.8200,397.7700,399.1200,394.7433,104490345,0.0000
2024-04-26,MSFT,400.0800,413.0000,388.0300,406.3200,401.8643,121367810,0.0000
2024-05-03,MSFT,405.2500,407.1500,389.1700,406.6600,402.2006,107082034,0.0000
2024-05-10,MSFT,408.7600,415.3800,406.3701,414.7400,410.1920,76899183,0.0000
2024-05-17,MSFT,418.0100,425.4200,410.8200,420.2100,416.3387,85671354,0.7500
2024-05-24,MSFT,420.2100,433.6000,419.9900,430.1600,426.1971,84866064,0.0000
2024-05-31,MSFT,429.6300,430.9400,404.5100,415.1300,411.3055,107655251,0.0000
2024-06-07,MSFT,415.5250,426.2800,408.9234,423.8500,419.9452,77304531,0.0000
2024-06-14,MSFT,424.7000,443.4000,423.8900,442.5700,438.4928,80462918,0.0000
2024-06-21,MSFT,442.5850,450.9400,440.7200,449.7800,445.6363,92266084,0.0000
2024-06-28,MSFT,449.8000,456.1700,446.4100,446.9500,442.8324,92336873,0.0000
2024-07-05,MSFT,448.6600,468.3500,445.6600,467.5600,463.2525,57575717,0.0000
2024-07-12,MSFT,466.5500,467.7000,450.6450,453.5500,449.3716,87822377,0.0000
2024-07-19,MSFT,453.3000,457.2600,432.0000,437.1100,433.0831,95094386,0.0000
2024-07-26,MSFT,441.7900,448.3900,417.2700,425.2700,421.3521,109249239,0.0000
2024-08-02,MSFT,431.5800,432.1500,404.3400,408.4900,404.7267,150439080,0.0000
2024-08-09,MSFT,389.1700,410.0800,385.5800,406.0200,402.2795,125786365,0.0000
2024-08-16,MSFT,407.0600,421.3400,404.2434,418.4700,415.3533,97971871,0.7500
2024-08-23,MSFT,418.9600,426.7899,412.0900,416.7900,413.6859,85544521,0.0000
2024-08-30,MSFT,416.3650,422.0500,407.3100,417.1400,414.0333,82881966,0.0000
2024-09-06,MSFT,417.9100,419.8800,400.8000,401.7000,398.7082,69005355,0.0000
2024-09-13,MSFT,407.2400,431.8300,402.1500,430.5900,427.3831,87449658,0.0000
2024-09-20,MSFT,430.6000,441.8500,428.2200,435.2700,432.0282,128480635,0.0000
2024-09-27,MSFT,434.2800,436.4600,426.1000,428.0200,424.8322,74929184,0.0000
2024-10-04,MSFT,428.2100,430.4200,414.2900,416.0600,412.9613,85407142,0.0000
2024-10-11,MSFT,416.0000,420.3800,408.1700,416.3200,413.2194,83116599,0.0000
2024-10-18,MSFT,417.7700,424.0400,410.4800,418.1600,415.0457,83027540,0.0000
2024-10-25,MSFT,416.1200,432.5200,413.7501,428.1500,424.9613,89823386,0.0000
2024-11-01,MSFT,431.6550,438.5000,406.3000,410.3700,407.3137,140477096,0.0000
2024-11-08,MSFT,409.8000,426.8500,405.5713,422.5400,419.3930,100773335,0.0000
2024-11-15,MSFT,422.5150,429.3250,413.6400,415.0000,411.9092,123901235,0.0000
2024-11-22,MSFT,414.8700,419.7800,410.2887,417.0000,414.7264,107661985,0.8300
2024-11-29,MSFT,418.3800,429.0414,414.8500,423.4600,421.1511,85754344,0.0000
2024-12-06,MSFT,421.5700,446.1000,421.3100,443.5700,441.1515,105037416,0.0000
2024-12-13,MSFT,442.6000,456.1648,440.5000,447.2700,444.8313,97826667,0.0000
2024-12-20,MSFT,447.2700,455.2900,428.6300,436.6000,434.2195,158004248,0.0000
2024-12-27,MSFT,436.7400,440.9400,426.3500,430.5300,428.1826,52634702,0.0000
2025-01-03,MSFT,426.0600,427.5500,414.8500,423.3500,421.0417,59964624,0.0000
2025-01-10,MSFT,428.0000,434.3200,415.0200,418.9500,416.6657,73968420,0.0000
2025-01-17,MSFT,415.2350,434.4800,410.7200,429.0300,426.6908,95676004,0.0000
2025-01-24,MSFT,430.2000,447.2700,425.5950,444.0600,441.6388,87828237,0.0000
2025-01-31,MSFT,424.0100,448.3800,413.1600,415.0600,412.7969,171530526,0.0000
2025-02-07,MSFT,411.6000,418.6500,408.1000,409.7500,407.5159,101744032,0.0000
2025-02-14,MSFT,413.7100,415.4624,404.3673,408.4300,406.2031,104730440,0.0000
2025-02-21,MSFT,408.0000,419.3100,406.5000,408.2100,406.7940,96570775,0.8300
2025-02-28,MSFT,408.5100,409.3700,386.5700,396.9900,395.6130,129423076,0.0000
2025-03-07,MSFT,398.8200,402.1500,381.0000,393.3100,391.9457,121122493,0.0000
2025-03-14,MSFT,385.8400,390.2300,376.9100,388.5600,387.2122,127629375,0.0000
2025-03-21,MSFT,386.7000,392.7050,381.1000,391.2600,389.9028,119293124,0.0000
2025-03-28,MSFT,395.4000,396.3600,376.9300,378.8000,377.4861,88311199,0.0000
2025-04-04,MSFT,372.5350,385.0800,359.4800,359.8400,358.5918,150374585,0.0000
2025-04-11,MSFT,350.8800,393.2250,344.7900,388.4500,387.1026,198357200,0.0000
2025-04-17,MSFT,393.2200,394.6500,366.8900,367.7800,366.5043,79539080,0.0000
2025-04-25,MSFT,362.8150,392.1600,355.6700,391.8500,390.4908,102043252,0.0000
2025-05-02,MSFT,391.9550,439.4400,384.4400,435.2800,433.7701,157710015,0.0000
2025-05-09,MSFT,432.8700,443.6700,431.1103,438.7300,437.2082,97363061,0.0000
2025-05-16,MSFT,445.9400,456.1900,439.7800,454.2700,453.5235,112185654,0.8300
2025-05-23,MSFT,450.8750,460.2500,448.9100,450.1800,449.4402,90904344,0.0000
2025-05-30,MSFT,456.4800,462.5200,455.3105,460.3600,459.6035,86813240,0.0000
2025-06-06,MSFT,457.1400,473.3350,456.8900,470.3800,469.6070,81973027,0.0000
2025-06-13,MSFT,469.7000,480.4150,466.9600,474.9600,474.1795,84010090,0.0000
2025-06-20,MSFT,475.2100,483.4600,474.0800,477.4000,476.6155,86142890,0.0000
2025-06-27,MSFT,478.2100,499.3000,472.5100,495.9400,495.1250,120782782,0.0000
2025-07-03,MSFT,497.0400,500.7600,488.7000,498.8400,498.0202,78618836,0.0000
2025-07-11,MSFT,497.3800,506.7800,494.1100,503.3200,502.4929,77445981,0.0000
2025-07-18,MSFT,501.5150,514.6400,501.0300,510.0500,509.2118,80853219,0.0000
2025-07-25,MSFT,506.7050,518.2900,500.7000,513.7100,512.8658,79564733,0.0000
2025-08-01,MSFT,514.0800,555.4500,509.4350,524.1100,523.2487,137752650,0.0000
2025-08-08,MSFT,528.2700,538.2500,517.5511,522.0400,521.1821,97486428,0.0000
2025-08-15,MSFT,522.3000,532.7000,519.0800,520.1700,519.3152,103984799,0.0000
2025-08-22,MSFT,521.5850,522.8200,502.4100,507.2300,507.2300,115732039,0.8300
2025-08-29,MSFT,506.6300,511.0900,498.5100,506.6900,506.6900,108729343,0.0000
2025-09-05,MSFT,500.4650,511.9700,492.3700,495.0000,495.0000,81627481,0.0000
2025-09-12,MSFT,498.1050,512.5500,495.0300,509.9000,509.9000,95299865,0.0000
2025-09-19,MSFT,508.7900,519.3000,505.9300,517.9300,517.9300,124060082,0.0000
2025-09-26,MSFT,515.5900,517.7400,505.0400,511.4600,511.4600,85342202,0.0000
2025-10-03,MSFT,511.5000,521.6000,508.8800,517.3500,517.3500,96313547,0.0000
2025-10-10,MSFT,518.6100,531.0300,509.6300,510.9600,510.9600,91844678,0.0000
2025-10-17,MSFT,516.4100,517.1900,506.0000,513.5800,513.5800,79090522,0.0000
2025-10-24,MSFT,514.6100,525.3450,513.0400,523.6100,523.6100,78770410,0.0000
2025-10-31,MSFT,531.7800,553.7200,515.1000,517.8100,517.8100,159773915,0.0000
2025-11-07,MSFT,519.8050,524.9600,493.2500,496.8200,496.8200,117643516,0.0000
2025-11-14,MSFT,500.0350,513.5000,497.4400,510.1800,510.1800,124435211,0.0000
2025-11-20,MSFT,508.4500,512.1200,476.0600,478.4300,478.4300,102797422,0.0000
2020-11-27,SPY,357.2800,364.1800,354.8650,363.6700,338.9429,198060573,0.0000
2020-12-04,SPY,362.8300,369.8500,359.1700,369.8500,344.7027,315941236,0.0000
2020-12-11,SPY,369.0200,371.0500,363.2600,366.3000,341.3941,280935407,0.0000
2020-12-18,SPY,368.6400,372.4600,364.4700,369.1800,345.5508,392369590,1.5800
2020-12-24,SPY,364.9700,378.4600,362.0300,369.0000,345.3823,217434462,0.0000
2020-12-31,SPY,371.7400,374.6600,370.8300,373.8800,349.9500,219589121,0.0000
2021-01-08,SPY,375.3100,381.4900,364.8200,381.2600,356.8576,425078734,0.0000
2021-01-15,SPY,377.8500,381.1300,373.7000,375.7000,351.6535,305069527,0.0000
2021-01-22,SPY,378.3400,384.9500,376.7500,382.8800,358.3739,213162102,0.0000
2021-01-29,SPY,383.6700,385.8500,368.2700,370.0700,346.3838,457381555,0.0000
2021-02-05,SPY,373.7200,388.4700,370.3760,387.7100,362.8948,286980796,0.0000
2021-02-12,SPY,389.2700,392.9000,387.5000,392.6400,367.5093,224377311,0.0000
2021-02-19,SPY,393.9600,394.1700,387.7400,390.0300,365.0663,245672988,0.0000
2021-02-26,SPY,387.0600,392.2300,378.2300,380.3600,356.0152,540478477,0.0000
2021-03-05,SPY,385.5900,390.9200,371.8800,383.6300,359.0759,640356985,0.0000
2021-03-12,SPY,384.6600,395.6500,381.4200,394.0600,368.8384,497580816,0.0000
2021-03-19,SPY,394.3300,398.1200,387.1500,389.4800,365.7475,474247664,1.2778
2021-03-26,SPY,390.0300,396.4100,383.9000,395.9800,371.8514,492591578,0.0000
2021-04-01,SPY,394.4000,400.6700,392.8100,400.6100,376.1993,396786965,0.0000
2021-04-09,SPY,403.4600,411.6700,403.3800,411.4900,386.4164,328509670,0.0000
2021-04-16,SPY,410.8500,417.9100,410.2000,417.2600,391.8348,317182914,0.0000
2021-04-23,SPY,416.2600,418.2500,410.5900,416.7400,391.3465,398002290,0.0000
2021-04-30,SPY,417.4400,420.7200,416.3000,417.3000,391.8723,318795661,0.0000
2021-05-07,SPY,419.4300,422.8150,411.6700,422.1200,396.3986,351735274,0.0000
2021-05-14,SPY,422.5000,422.7400,404.0000,416.5800,391.1962,522147059,0.0000
2021-05-21,SPY,415.3900,418.2000,405.3300,414.9400,389.6561,386007391,0.0000
2021-05-28,SPY,417.3400,421.2500,417.0800,420.0400,394.4454,267144557,0.0000
2021-06-04,SPY,422.5700,422.9200,416.2800,422.6000,396.8494,217391238,0.0000
2021-06-11,SPY,422.5900,424.6300,420.3200,424.3100,398.4552,243716628,0.0000
2021-06-18,SPY,424.4300,425.4600,414.7000,414.9200,390.9294,382743016,1.3759
2021-06-25,SPY,416.8000,427.0943,415.9300,426.6100,401.9435,283207558,0.0000
2021-07-02,SPY,427.1700,434.1000,425.8900,433.7200,408.6424,265096649,0.0000
2021-07-09,SPY,433.7800,435.8400,427.5200,435.5200,410.3383,306093691,0.0000
2021-07-16,SPY,435.4300,437.9200,430.9200,431.3400,406.4000,300932269,0.0000
2021-07-23,SPY,426.1900,440.3000,421.9700,439.9400,414.5027,423964739,0.0000
2021-07-30,SPY,439.3100,441.8000,435.9900,438.5100,413.1554,278450184,0.0000
2021-08-06,SPY,440.3400,442.9400,436.1000,442.4900,416.9053,249469072,0.0000
2021-08-13,SPY,442.4600,445.9400,441.3100,445.9200,420.1370,206211782,0.0000
2021-08-20,SPY,444.5300,447.1100,436.1200,443.3600,417.7250,420777686,0.0000
2021-08-27,SPY,445.1600,450.6500,443.4355,450.2500,424.2166,269312148,0.0000
2021-09-03,SPY,450.9700,454.0500,450.7100,453.0800,426.8830,246444177,0.0000
2021-09-10,SPY,452.7100,452.8100,445.3100,445.4400,419.6847,255772022,0.0000
2021-09-17,SPY,448.6400,448.9200,441.0200,441.4000,417.2239,436939783,1.4281
2021-09-24,SPY,434.8800,444.8900,428.8600,443.9100,419.5964,499812607,0.0000
2021-10-01,SPY,442.8100,444.0500,427.2300,434.2400,410.4560,543882712,0.0000
2021-10-08,SPY,433.0000,441.6800,426.3600,437.8600,413.8778,479279625,0.0000
2021-10-15,SPY,437.1600,446.2600,431.5400,445.8700,421.4490,345885462,0.0000
2021-10-22,SPY,443.9700,454.6700,443.2700,453.1200,428.3019,258932150,0.0000
2021-10-29,SPY,454.2800,459.5600,452.3900,459.2500,434.0962,295327988,0.0000
2021-11-05,SPY,460.3000,470.6500,458.2000,468.5300,442.8679,267062003,0.0000
2021-11-12,SPY,469.7000,470.2300,462.0400,467.2700,441.6769,255933870,0.0000
2021-11-19,SPY,468.6400,470.9400,466.2300,468.8900,443.2082,251637471,0.0000
2021-11-26,SPY,470.8900,473.5400,457.7700,458.9700,433.8315,320496941,0.0000
2021-12-03,SPY,464.0700,466.5600,448.9200,453.4200,428.5855,632283656,0.0000
2021-12-10,SPY,456.1300,470.9000,453.5600,470.7400,444.9569,405133322,0.0000
2021-12-17,SPY,470.1900,472.8700,458.0600,459.8700,436.2263,554093195,1.6335
2021-12-23,SPY,454.4800,472.1900,451.1400,470.6000,446.4046,292271050,0.0000
2021-12-31,SPY,472.0600,479.0000,472.0100,474.9600,450.5404,277532646,0.0000
2022-01-07,SPY,476.3000,479.9800,464.6500,466.0900,442.1265,420356344,0.0000
2022-01-14,SPY,462.7000,473.2000,456.5973,464.7200,440.8269,447364480,0.0000
2022-01-21,SPY,459.7400,459.9600,437.9500,437.9800,415.4617,537444556,0.0000
2022-01-28,SPY,432.0300,444.0400,420.7600,441.9500,419.2276,921220809,0.0000
2022-02-04,SPY,441.2400,458.1200,439.8100,448.7000,425.6306,629246554,0.0000
2022-02-11,SPY,449.5100,457.8800,438.9400,440.4600,417.8142,551393133,0.0000
2022-02-18,SPY,439.9200,448.0550,431.8200,434.2300,411.9045,531431354,0.0000
2022-02-25,SPY,431.8900,437.8400,410.6400,437.7500,415.2435,590470539,0.0000
2022-03-04,SPY,432.0300,441.1100,427.1100,432.1700,409.9504,620712433,0.0000
2022-03-11,SPY,431.5500,432.3018,415.1200,420.0700,398.4725,609269001,0.0000
2022-03-18,SPY,420.8900,444.8600,415.7900,444.5200,422.9612,552245965,1.3660
2022-03-25,SPY,444.3400,452.9800,440.6800,452.6900,430.7350,381101588,0.0000
2022-04-01,SPY,452.0600,462.0700,449.1400,452.9200,430.9538,445526972,0.0000
2022-04-08,SPY,453.1300,457.8300,443.4700,447.5700,425.8633,396609932,0.0000
2022-04-14,SPY,444.1100,445.7500,436.6501,437.7900,416.5576,346074018,0.0000
2022-04-22,SPY,436.8100,450.0100,425.4400,426.0400,405.3775,425852611,0.0000
2022-04-29,SPY,423.6700,429.6400,411.2100,412.0000,392.0184,593265218,0.0000
2022-05-06,SPY,412.0700,429.6600,405.0200,411.3400,391.3904,724147593,0.0000
2022-05-13,SPY,405.1000,406.4100,385.1500,401.7200,382.2370,659709433,0.0000
2022-05-20,SPY,399.9800,408.5700,380.5400,389.6300,370.7333,509269611,0.0000
2022-05-27,SPY,392.8300,415.3801,386.9600,415.2600,395.1203,426273624,0.0000
2022-06-03,SPY,413.5500,417.4400,406.9300,410.5400,390.6292,334006707,0.0000
2022-06-10,SPY,414.7800,416.6090,389.7500,389.8000,370.8951,400314857,0.0000
2022-06-17,SPY,379.8500,383.9000,362.1700,365.8600,349.6166,645270681,1.5769
2022-06-24,SPY,371.8900,390.0900,370.1800,390.0800,372.7612,344213753,0.0000
2022-07-01,SPY,391.0500,393.1600,372.5600,381.2400,364.3137,405723442,0.0000
2022-07-08,SPY,375.8800,390.6400,372.9000,388.6700,371.4138,288787893,0.0000
2022-07-15,SPY,385.8500,386.8700,371.0400,385.1300,368.0310,373575974,0.0000
2022-07-22,SPY,388.3800,400.1800,380.6600,395.0900,377.5488,350654555,0.0000
2022-07-29,SPY,395.7500,413.0300,389.9500,411.9900,393.6985,349890219,0.0000
2022-08-05,SPY,409.1500,415.6800,406.8200,413.4700,395.1128,303724947,0.0000
2022-08-12,SPY,415.2500,427.2100,410.2200,427.1000,408.1376,288807695,0.0000
2022-08-19,SPY,424.7650,431.7300,421.2200,422.1400,403.3978,293940821,0.0000
2022-08-26,SPY,417.0500,419.9600,405.2500,405.3100,387.3151,330007921,0.0000
2022-09-02,SPY,402.2000,405.8400,390.0400,392.2400,374.8253,404343512,0.0000
2022-09-09,SPY,393.1300,407.5100,388.4200,406.6000,388.5478,303290947,0.0000
2022-09-16,SPY,408.7800,411.7300,382.1100,385.5600,369.9674,467945749,1.5964
2022-09-23,SPY,382.2600,389.3100,363.2900,367.9500,353.0696,467112786,0.0000
2022-09-30,SPY,366.4100,372.3000,357.0400,357.1800,342.7352,578341093,0.0000
2022-10-07,SPY,361.0800,379.4600,359.2100,362.7900,348.1183,471547964,0.0000
2022-10-14,SPY,363.9600,370.2600,348.1100,357.6300,343.1670,516508880,0.0000
2022-10-21,SPY,364.0100,375.4500,357.2808,374.2900,359.1532,489399410,0.0000
2022-10-28,SPY,375.8900,389.5200,373.1100,389.0200,373.2875,450644317,0.0000
2022-11-04,SPY,386.4400,390.3900,368.7900,376.3500,361.1299,499634509,0.0000
2022-11-11,SPY,377.7100,399.3500,373.6100,398.5100,382.3937,466719198,0.0000
2022-11-18,SPY,396.6600,402.3100,390.1400,396.0300,380.0140,401014777,0.0000
2022-11-25,SPY,394.6400,402.9300,392.6600,402.3300,386.0592,210479276,0.0000
2022-12-02,SPY,399.0900,410.0000,393.3000,406.9100,390.4540,426639342,0.0000
2022-12-09,SPY,403.9500,404.9300,391.6400,393.2800,377.3752,363375573,0.0000
2022-12-16,SPY,394.1100,410.4900,381.0400,383.2700,369.4794,544863559,1.7814
2022-12-23,SPY,383.4700,387.4100,374.7700,382.9100,369.1324,392450896,0.0000
2022-12-30,SPY,382.7900,384.3500,376.4200,382.4300,368.6696,273542782,0.0000
2023-01-06,SPY,384.3700,389.2500,377.8310,388.0800,374.1163,341944888,0.0000
2023-01-13,SPY,390.3700,399.1000,386.2700,398.5000,384.1614,362278876,0.0000
2023-01-20,SPY,398.4800,400.2300,387.2600,395.8800,381.6357,341074818,0.0000
2023-01-27,SPY,396.7200,408.1600,393.5600,405.6800,391.0831,369137564,0.0000
2023-02-03,SPY,402.8000,418.3100,400.2800,412.3500,397.5131,458864203,0.0000
2023-02-10,SPY,409.7900,416.4900,405.0100,408.0400,393.3582,376978106,0.0000
2023-02-17,SPY,408.7200,415.0500,404.0500,407.2600,392.6062,380677415,0.0000
2023-02-24,SPY,403.0600,404.1600,393.6400,396.3800,382.1177,370835029,0.0000
2023-03-03,SPY,399.8700,404.4500,392.3300,404.1900,389.6467,452114804,0.0000
2023-03-10,SPY,405.0500,407.4500,384.3200,385.9100,372.0244,557051492,0.0000
2023-03-17,SPY,381.8100,396.4700,380.6500,389.9900,377.4096,764846608,1.5062
2023-03-24,SPY,390.8000,402.4900,389.4000,395.7500,382.9838,523448057,0.0000
2023-03-31,SPY,398.1200,409.7000,393.6900,409.3900,396.1838,396282637,0.0000
2023-04-06,SPY,408.8500,411.9200,405.6780,409.1900,395.9903,262936219,0.0000
2023-04-14,SPY,406.6100,415.0900,405.9700,412.4600,399.1548,373375620,0.0000
2023-04-21,SPY,412.3700,415.7200,410.1700,412.2000,398.9032,333581642,0.0000
2023-04-28,SPY,411.9900,415.9400,403.7800,415.9300,402.5128,422820175,0.0000
2023-05-05,SPY,415.4700,417.6200,403.7400,412.6300,399.3193,440446161,0.0000
2023-05-12,SPY,412.9700,414.5350,408.8700,411.5900,398.3128,336048421,0.0000
2023-05-19,SPY,412.2200,420.7200,410.2300,418.6200,405.1161,400252347,0.0000
2023-05-26,SPY,418.6400,420.7700,409.8795,420.0200,406.4709,421134151,0.0000
2023-06-02,SPY,422.0300,428.7400,416.2200,427.9200,414.1161,358857521,0.0000
2023-06-09,SPY,428.2800,431.9900,425.8200,429.9000,416.0322,362455718,0.0000
2023-06-16,SPY,430.9200,443.9000,430.1700,439.4600,426.8693,497237427,1.6384
2023-06-23,SPY,437.4500,438.3700,432.4700,433.2100,420.7984,315854322,0.0000
2023-06-30,SPY,432.6200,444.3000,431.1900,443.2800,430.5799,394119558,0.0000
2023-07-07,SPY,442.9200,444.0800,437.0600,438.5500,425.9854,258004290,0.0000
2023-07-14,SPY,438.1800,451.3600,437.5850,449.2800,436.4080,361072844,0.0000
2023-07-21,SPY,449.1300,456.4300,449.0800,452.1800,439.2249,341183617,0.0000
2023-07-28,SPY,453.3700,459.4400,451.5500,456.9200,443.8291,352473672,0.0000
2023-08-04,SPY,457.4100,458.1600,446.2700,446.8100,434.0087,376024611,0.0000
2023-08-11,SPY,448.7100,451.7000,443.3450,445.6500,432.8820,370204760,0.0000
2023-08-18,SPY,444.7000,448.1100,433.0100,436.5000,423.9941,398245456,0.0000
2023-08-25,SPY,437.5500,445.2200,435.0000,439.9700,427.3647,393065214,0.0000
2023-09-01,SPY,442.2400,453.6700,439.9728,451.1900,438.2633,338759881,0.0000
2023-09-08,SPY,450.7300,451.0600,442.7500,445.5200,432.7557,258348585,0.0000
2023-09-15,SPY,448.2400,451.0800,442.9200,443.3700,432.2051,383224485,1.5832
2023-09-22,SPY,443.0500,444.9700,429.9900,430.4200,419.5812,409754973,0.0000
2023-09-29,SPY,429.1700,432.2700,422.2900,427.4800,416.7153,479118444,0.0000
2023-10-06,SPY,426.6200,431.1250,420.1800,429.5400,418.7234,458428227,0.0000
2023-10-13,SPY,427.5800,437.3350,427.0101,431.5000,420.6340,397788728,0.0000
2023-10-20,SPY,433.8200,438.1400,421.0800,421.1900,410.5836,489560531,0.0000
2023-10-27,SPY,419.6100,424.8200,409.2100,410.6800,400.3383,487346964,0.0000
2023-11-03,SPY,413.5600,436.2900,412.2200,434.6900,423.7437,459402624,0.0000
2023-11-10,SPY,435.4700,440.9300,433.4000,440.6100,429.5146,366566272,0.0000
2023-11-17,SPY,439.2300,451.4200,438.4200,450.7900,439.4383,376600275,0.0000
2023-11-24,SPY,450.5300,456.3800,450.5200,455.3000,443.8347,208484220,0.0000
2023-12-01,SPY,454.6500,459.6500,453.3400,459.1000,447.5390,344703088,0.0000
2023-12-08,SPY,455.6000,460.7450,454.3100,460.2000,448.6113,360115323,0.0000
2023-12-15,SPY,459.6900,473.7300,459.4700,469.3300,459.3695,487187546,1.9061
2023-12-22,SPY,470.9800,475.8950,467.8200,473.6500,463.5978,379149050,0.0000
2023-12-29,SPY,474.0700,477.5500,473.3000,475.3100,465.2226,318702613,0.0000
2024-01-05,SPY,472.1600,473.6700,466.4300,467.9200,457.9894,396379586,0.0000
2024-01-12,SPY,468.4300,478.6000,468.3000,476.6800,466.5635,344088296,0.0000
2024-01-19,SPY,475.2600,482.7200,469.8700,482.4300,472.1914,356549472,0.0000
2024-01-26,SPY,484.0100,489.1200,482.7800,487.4100,477.0658,355178832,0.0000
2024-02-02,SPY,487.7300,496.0500,482.8600,494.3500,483.8585,437072028,0.0000
2024-02-09,SPY,493.6950,501.6500,490.2300,501.2000,490.5631,318555221,0.0000
2024-02-16,SPY,501.1700,503.5000,490.7150,499.5100,488.9090,375205197,0.0000
2024-02-23,SPY,497.7200,510.1300,493.5600,507.8500,497.0720,269064864,0.0000
2024-03-01,SPY,508.3000,513.2900,504.7500,512.8500,501.9658,316517539,0.0000
2024-03-08,SPY,512.0300,518.2201,504.9100,511.7200,500.8598,336221867,0.0000
2024-03-15,SPY,510.4800,517.3800,508.1220,509.8300,500.5710,398284000,1.5949
2024-03-22,SPY,514.0000,524.1100,511.1200,521.2100,511.7444,358570122,0.0000
2024-03-28,SPY,519.8000,524.6100,518.4000,523.0700,513.5706,293270515,0.0000
2024-04-05,SPY,523.8300,524.3800,512.7550,518.4300,509.0148,361873253,0.0000
2024-04-12,SPY,519.1500,520.7500,509.0800,510.8500,501.5725,360446531,0.0000
2024-04-19,SPY,515.1300,515.3000,493.8600,495.1600,486.1675,418256444,0.0000
2024-04-26,SPY,497.8300,509.8800,495.4300,508.2600,499.0295,321951230,0.0000
2024-05-03,SPY,510.0900,512.5500,499.5500,511.2900,502.0045,339448742,0.0000
2024-05-10,SPY,513.7500,522.6350,513.3000,520.8400,511.3811,237750055,0.0000
2024-05-17,SPY,522.5600,531.5218,519.7400,529.4500,519.8347,263189537,0.0000
2024-05-24,SPY,529.5700,533.0700,524.7200,529.4400,519.8249,218093448,0.0000
2024-05-31,SPY,530.2700,530.5100,518.3600,527.3700,517.7925,218714190,0.0000
2024-06-07,SPY,529.0200,536.8900,522.6000,534.0100,524.3119,203111783,0.0000
2024-06-14,SPY,533.1800,544.1200,532.0500,542.7800,532.9226,220214812,0.0000
2024-06-21,SPY,542.0800,550.1200,541.6072,544.5100,536.3483,232057959,1.7590
2024-06-28,SPY,544.3300,550.2800,542.4400,544.2200,536.0626,233538652,0.0000
2024-07-05,SPY,545.6300,555.0500,542.5200,554.6400,546.3264,155010902,0.0000
2024-07-12,SPY,555.4400,563.6700,554.1900,559.9900,551.5963,208264385,0.0000
2024-07-19,SPY,562.0300,565.1600,547.9100,548.9900,540.7611,255957982,0.0000
2024-07-26,SPY,553.0000,556.7350,537.4500,544.4400,536.2793,267223623,0.0000
2024-08-02,SPY,546.0200,554.8688,528.6000,532.9000,524.9123,311250646,0.0000
2024-08-09,SPY,511.6400,534.5100,510.2700,532.9900,525.0010,410688190,0.0000
2024-08-16,SPY,534.2100,555.0200,530.9500,554.3100,546.0014,242599611,0.0000
2024-08-23,SPY,554.7300,563.1800,553.8600,562.1300,553.7042,221129506,0.0000
2024-08-30,SPY,563.1800,564.2000,555.0400,563.6800,555.2309,210963817,0.0000
2024-09-06,SPY,560.4700,560.8100,539.4400,540.3600,532.2605,219590659,0.0000
2024-09-13,SPY,544.6500,563.0300,539.9600,562.0100,553.5860,243292245,0.0000
2024-09-20,SPY,561.7400,572.8800,559.9000,568.2500,561.4518,297840609,1.7455
2024-09-27,SPY,569.3400,574.7100,567.6000,571.4700,564.6333,219788113,0.0000
2024-10-04,SPY,570.4200,574.3800,565.2700,572.9800,566.1252,258273676,0.0000
2024-10-11,SPY,571.3000,580.3300,566.6300,579.5800,572.6463,211681681,0.0000
2024-10-18,SPY,581.2200,586.1200,578.5450,584.5900,577.5963,192956802,0.0000
2024-10-25,SPY,583.8500,584.8500,574.4150,579.0400,572.1127,202185455,0.0000
2024-11-01,SPY,582.5800,583.3200,568.4400,571.0400,564.2084,220360188,0.0000
2024-11-08,SPY,571.1800,599.6400,567.8900,598.1900,591.0336,239555370,0.0000
2024-11-15,SPY,599.8100,600.1700,583.8600,585.7500,578.7425,242874416,0.0000
2024-11-22,SPY,586.2200,596.1500,584.0300,595.5100,588.3857,221505378,0.0000
2024-11-29,SPY,599.5200,603.3500,595.2000,602.5500,595.3415,152158584,0.0000
2024-12-06,SPY,602.9700,609.0700,602.3410,607.8100,600.5385,161443911,0.0000
2024-12-13,SPY,607.6900,608.4350,602.1300,604.2100,596.9816,168103518,0.0000
2024-12-20,SPY,606.0000,607.7795,580.9100,591.1500,586.0199,419353579,1.9655
2024-12-27,SPY,590.8900,602.4800,587.6610,595.0100,589.8464,197104126,0.0000
2025-01-03,SPY,587.8900,592.6000,580.5000,591.9500,586.8129,201723845,0.0000
2025-01-10,SPY,596.2700,599.7000,578.5500,580.4900,575.4524,228482212,0.0000
2025-01-17,SPY,575.7700,599.3600,575.3500,597.5800,592.3941,254621089,0.0000
2025-01-24,SPY,600.6700,610.7800,598.6700,607.9700,602.6939,166485621,0.0000
2025-01-31,SPY,594.8100,609.9600,594.6400,601.8200,596.5973,257924602,0.0000
2025-02-07,SPY,592.6700,608.1300,590.4900,600.7700,595.5564,216528231,0.0000
2025-02-14,SPY,604.0300,610.9900,598.5100,609.7000,604.4089,169013275,0.0000
2025-02-21,SPY,610.8800,613.2300,599.4700,599.9400,594.7336,170833922,0.0000
2025-02-28,SPY,602.0200,603.0300,582.4400,594.1800,589.0236,315266033,0.0000
2025-03-07,SPY,596.1800,597.3400,565.6300,575.9200,570.9221,416381623,0.0000
2025-03-14,SPY,567.5900,569.5400,549.6800,562.8100,557.9258,391514540,0.0000
2025-03-21,SPY,562.7900,570.9500,558.0300,563.9800,560.7665,328327275,1.6955
2025-03-28,SPY,570.8000,576.4100,555.0700,555.6600,552.4939,263178329,0.0000
2025-04-04,SPY,549.8300,567.4200,505.0600,505.2800,502.4010,569903527,0.0000
2025-04-11,SPY,489.1900,548.6200,481.8000,533.9400,530.8977,924492812,0.0000
2025-04-17,SPY,544.0500,544.2800,520.2900,526.4100,523.4106,288279764,0.0000
2025-04-25,SPY,521.1600,551.0500,508.4600,550.6400,547.5025,361176912,0.0000
2025-05-02,SPY,551.3900,568.3800,541.5200,566.7600,563.5306,312393755,0.0000
2025-05-09,SPY,562.5700,570.3100,556.0400,564.3400,561.1244,245391373,0.0000
2025-05-16,SPY,581.4700,594.5000,577.0400,594.2000,590.8143,360544572,0.0000
2025-05-23,SPY,588.1000,595.5400,575.6000,579.1100,575.8103,370870121,0.0000
2025-05-30,SPY,586.0700,593.2000,578.4300,589.3900,586.0317,301708987,0.0000
2025-06-06,SPY,587.7600,600.8300,585.0600,599.1400,595.7261,341576045,0.0000
2025-06-13,SPY,599.7200,605.0600,595.4800,597.0000,593.5983,346556615,0.0000
2025-06-20,SPY,600.4000,604.4500,592.8600,594.2800,592.6449,332849893,1.7611
2025-06-27,SPY,595.0400,616.3900,591.8900,614.9100,613.2182,382082858,0.0000
2025-07-03,SPY,617.3800,626.2800,615.0400,625.3400,623.6195,280108844,0.0000
2025-07-11,SPY,623.3600,626.8701,617.8700,623.6200,621.9042,321151602,0.0000
2025-07-18,SPY,623.1600,629.4700,618.0500,627.5800,625.8533,349710617,0.0000
2025-07-25,SPY,628.7700,637.5799,626.1900,637.1000,635.3471,322104806,0.0000
2025-08-01,SPY,637.4800,639.8500,619.2900,621.7200,620.0094,439381049,0.0000
2025-08-08,SPY,625.6700,637.6450,625.5800,637.1800,635.4269,343884358,0.0000
2025-08-15,SPY,637.4600,646.1900,634.6600,643.4400,641.6697,311576861,0.0000
2025-08-22,SPY,642.8600,646.5000,632.9500,645.3100,643.5345,341334932,0.0000
2025-08-29,SPY,644.0400,649.4800,641.5700,645.0500,643.2752,287238619,0.0000
2025-09-05,SPY,637.5000,652.2100,634.9200,647.2400,645.4592,301809799,0.0000
2025-09-12,SPY,648.6200,659.1100,647.2200,657.4100,655.6012,350015984,0.0000
2025-09-19,SPY,659.6400,664.8900,654.3000,663.7000,663.7000,415298471,1.8311
2025-09-26,SPY,662.2000,667.3400,654.4050,661.8200,661.8200,378044578,0.0000
2025-10-03,SPY,664.3600,672.6750,661.6100,669.2100,669.2100,359722755,0.0000
2025-10-10,SPY,671.6200,673.9500,652.8400,653.0200,653.0200,413270098,0.0000
2025-10-17,SPY,660.6500,670.2300,653.1700,664.3900,664.3900,457106848,0.0000
2025-10-24,SPY,667.3200,678.4700,663.3000,677.2500,677.2500,337267378,0.0000
2025-10-31,SPY,682.7300,689.7000,679.2400,682.0600,682.0600,373939943,0.0000
2025-11-07,SPY,685.6700,685.8000,661.2050,670.9700,670.9700,394133220,0.0000
2025-11-14,SPY,677.2350,684.9600,663.2650,671.9300,671.9300,397413217,0.0000
2025-11-20,SPY,669.7000,675.5600,651.8900,652.5600,652.5600,463191931,0.0000
2020-11-27,TSLA,503.5000,598.7800,501.7900,585.7600,195.2533,188810315,0.0000
2020-12-04,TSLA,602.2100,607.8000,541.2100,599.0400,199.6800,221865368,0.0000
2020-12-11,TSLA,604.9197,654.3200,566.3400,609.9900,203.3300,305424055,0.0000
2020-12-18,TSLA,619.0000,695.0000,605.0000,695.0000,231.6667,417756359,0.0000
2020-12-24,TSLA,666.2400,668.5000,614.2300,661.7700,220.5900,165945448,0.0000
2020-12-31,TSLA,674.5100,718.7200,655.0000,705.6700,235.2233,146960321,0.0000
2021-01-08,TSLA,719.4600,884.4900,717.1895,880.0200,293.3400,252137795,0.0000
2021-01-15,TSLA,849.4000,868.0000,803.6222,826.1600,275.3867,208896134,0.0000
2021-01-22,TSLA,837.8000,859.5000,828.6200,846.6400,282.2133,91697493,0.0000
2021-01-29,TSLA,855.0000,900.4000,780.1000,793.5300,264.5100,153007757,0.0000
2021-02-05,TSLA,814.2900,880.5000,795.5601,852.2300,284.0767,102112291,0.0000
2021-02-12,TSLA,869.6700,877.7700,785.3306,816.1200,272.0400,116303534,0.0000
2021-02-19,TSLA,818.0000,821.0000,762.0100,781.3000,260.4333,82596163,0.0000
2021-02-26,TSLA,762.6400,768.5000,619.0000,675.5000,225.1667,217862425,0.0000
2021-03-05,TSLA,690.1100,721.1100,539.4900,597.9500,199.3167,235272714,0.0000
2021-03-12,TSLA,600.5500,717.8500,558.7900,693.7300,231.2433,249753690,0.0000
2021-03-19,TSLA,694.0900,713.1800,624.6201,654.8700,218.2900,178254604,0.0000
2021-03-26,TSLA,684.5900,699.6200,599.8900,618.7100,206.2367,176876942,0.0000
2021-04-01,TSLA,615.6400,692.4203,591.0100,661.7500,220.5833,136705010,0.0000
2021-04-09,TSLA,707.7100,708.1600,667.8400,677.0200,225.6733,141785455,0.0000
2021-04-16,TSLA,685.7000,780.7900,682.0900,739.7800,246.5933,178634338,0.0000
2021-04-23,TSLA,719.6000,753.7700,691.8001,729.4000,243.1333,170514922,0.0000
2021-04-30,TSLA,741.0000,749.3000,666.1400,709.4400,236.4800,152350715,0.0000
2021-05-07,TSLA,703.8000,706.0000,650.0000,672.3700,224.1233,129938147,0.0000
2021-05-14,TSLA,664.9000,665.0500,559.6500,589.7400,196.5800,189275731,0.0000
2021-05-21,TSLA,575.5531,596.6800,546.9800,580.8800,193.6267,165651036,0.0000
2021-05-28,TSLA,581.6000,635.5900,573.6500,625.2200,208.4067,140310958,0.0000
2021-06-04,TSLA,627.8000,633.8000,571.2200,599.0500,199.6833,95536458,0.0000
2021-06-11,TSLA,591.8250,623.0900,582.8800,609.8900,203.2967,105306562,0.0000
2021-06-18,TSLA,612.2300,628.3500,593.5000,623.3100,207.7700,107296122,0.0000
2021-06-25,TSLA,624.4800,697.6200,608.8800,671.8700,223.9567,153549954,0.0000
2021-07-02,TSLA,671.6400,700.0000,670.3200,678.9000,226.3000,103666230,0.0000
2021-07-09,TSLA,681.7115,684.0000,620.4600,656.9500,218.9833,82990274,0.0000
2021-07-16,TSLA,662.2000,693.2800,637.8800,644.2200,214.7400,105114865,0.0000
2021-07-23,TSLA,629.8900,664.8599,621.2900,643.3800,214.4600,80448226,0.0000
2021-07-30,TSLA,650.9700,697.5300,627.2400,687.2000,229.0667,133501299,0.0000
2021-08-06,TSLA,700.0000,726.9400,697.6300,699.1000,233.0333,100781351,0.0000
2021-08-13,TSLA,710.1700,729.9000,699.4000,717.1700,239.0567,72301742,0.0000
2021-08-20,TSLA,705.0700,709.5000,648.8400,680.2600,226.7533,96329308,0.0000
2021-08-27,TSLA,685.4420,716.9700,680.7505,711.9200,237.3067,73041547,0.0000
2021-09-03,TSLA,714.7150,741.9900,712.7300,733.5700,244.5233,80731775,0.0000
2021-09-10,TSLA,740.0000,764.4500,734.5201,736.2700,245.4233,68094762,0.0000
2021-09-17,TSLA,740.2143,761.0400,708.8500,759.4900,253.1633,98962617,0.0000
2021-09-24,TSLA,734.5577,774.8000,718.6249,774.3900,258.1300,89535196,0.0000
2021-10-01,TSLA,773.1200,799.0000,763.5900,775.2200,258.4067,109382331,0.0000
2021-10-08,TSLA,796.5000,806.9699,773.2200,785.4900,261.8300,99483120,0.0000
2021-10-15,TSLA,787.6500,843.2100,785.5000,843.0300,281.0100,81512174,0.0000
2021-10-22,TSLA,851.7900,910.0000,851.4700,909.6800,303.2267,109982713,0.0000
2021-10-29,TSLA,950.5300,1115.2100,944.2000,1114.0000,371.3333,220925116,0.0000
2021-11-05,TSLA,1145.0000,1243.4900,1118.6600,1222.0900,407.3633,178974628,0.0000
2021-11-12,TSLA,1149.7850,1197.0000,987.3100,1033.4200,344.4733,182318404,0.0000
2021-11-19,TSLA,1017.6300,1138.7199,978.6000,1137.0600,379.0200,135304561,0.0000
2021-11-26,TSLA,1162.3300,1201.9500,1062.0000,1081.9200,360.6400,103485337,0.0000
2021-12-03,TSLA,1100.9900,1172.8399,1000.2100,1014.9700,338.3233,124636821,0.0000
2021-12-10,TSLA,1001.5100,1072.3800,950.5000,1017.0300,339.0100,99585638,0.0000
2021-12-17,TSLA,1001.0900,1005.0000,909.0401,932.5700,310.8567,136074239,0.0000
2021-12-23,TSLA,910.7000,1072.9767,886.1200,1067.0000,355.6667,104781767,0.0000
2021-12-31,TSLA,1073.6700,1118.9999,1053.1500,1056.7800,352.2600,91687786,0.0000
2022-01-07,TSLA,1147.7500,1208.0000,1010.0000,1026.9600,342.3200,153185108,0.0000
2022-01-14,TSLA,1000.0000,1115.6000,980.0000,1049.6100,349.8700,136822673,0.0000
2022-01-21,TSLA,1026.6050,1070.7899,940.5000,943.9000,314.6333,104996884,0.0000
2022-01-28,TSLA,904.7600,987.6900,792.0100,846.3500,282.1167,208578950,0.0000
2022-02-04,TSLA,872.7100,943.7000,862.0500,923.3200,307.7733,132282831,0.0000
2022-02-11,TSLA,923.7900,947.7700,850.7000,860.0000,286.6667,103251907,0.0000
2022-02-18,TSLA,861.5700,926.4299,837.6100,856.9800,285.6600,100126871,0.0000
2022-02-25,TSLA,834.1300,856.7338,700.0000,809.8700,269.9567,129603556,0.0000
2022-03-04,TSLA,815.0100,889.8800,814.7075,838.2900,279.4300,125740178,0.0000
2022-03-11,TSLA,856.3000,866.1400,782.1700,795.3500,265.1167,112587689,0.0000
2022-03-18,TSLA,780.6100,907.8500,756.0400,905.3900,301.7967,129644892,0.0000
2022-03-25,TSLA,914.9800,1040.7000,907.0900,1010.6400,336.8800,145219138,0.0000
2022-04-01,TSLA,1065.1000,1114.7700,1053.6000,1084.5900,361.5300,113080628,0.0000
2022-04-08,TSLA,1089.3800,1152.8700,1021.5401,1025.4900,341.8300,128187848,0.0000
2022-04-14,TSLA,980.4000,1026.2400,973.0970,985.0000,328.3333,79625639,0.0000
2022-04-22,TSLA,989.0300,1092.2200,973.4100,1005.0500,335.0167,113841457,0.0000
2022-04-29,TSLA,978.9700,1008.6200,821.7000,870.7600,290.2533,164154275,0.0000
2022-05-06,TSLA,860.7700,955.5000,843.1050,865.6500,288.5500,128677405,0.0000
2022-05-13,TSLA,836.4500,845.6300,680.0000,769.5900,256.5300,168299966,0.0000
2022-05-20,TSLA,767.1600,769.7600,633.0000,663.9000,221.3000,163138813,0.0000
2022-05-27,TSLA,655.0200,759.8000,620.5700,759.6300,253.2100,155144601,0.0000
2022-06-03,TSLA,773.8400,792.6300,700.2534,703.5500,234.5167,128343063,0.0000
2022-06-10,TSLA,733.0600,766.6399,683.7400,696.6900,232.2300,142601983,0.0000
2022-06-17,TSLA,669.5000,706.9899,626.0800,650.2800,216.7600,173306821,0.0000
2022-06-24,TSLA,673.8100,740.5000,673.0000,737.1200,245.7067,141431196,0.0000
2022-07-01,TSLA,748.1000,756.2100,656.5900,681.7900,227.2633,143934321,0.0000
2022-07-08,TSLA,669.0000,764.9399,648.5001,752.2900,250.7633,113472506,0.0000
2022-07-15,TSLA,756.3100,759.1900,675.1000,720.2000,240.0667,144545065,0.0000
2022-07-22,TSLA,734.8100,842.3600,710.9300,816.7300,272.2433,165932217,0.0000
2022-07-29,TSLA,816.6500,894.9600,768.7900,891.4500,297.1500,133013375,0.0000
2022-08-05,TSLA,903.8250,940.8200,856.6340,864.5100,288.1700,159380225,0.0000
2022-08-12,TSLA,885.0000,915.6000,838.0600,900.0900,300.0300,143447053,0.0000
2022-08-19,TSLA,905.3600,944.0000,877.5000,890.0000,296.6667,118385794,0.0000
2022-08-26,TSLA,875.7400,910.9400,287.4700,288.0900,288.0900,169020694,0.0000
2022-09-02,TSLA,282.8300,288.4800,266.1500,270.2100,270.2100,249374939,0.0000
2022-09-09,TSLA,272.6750,299.8500,265.7400,299.6800,299.6800,213818141,0.0000
2022-09-16,TSLA,300.7200,309.1200,290.4000,303.3500,303.3500,341416185,0.0000
2022-09-23,TSLA,300.0900,313.8000,272.8200,275.3300,275.3300,318285640,0.0000
2022-09-30,TSLA,271.8300,289.0000,262.4700,265.2500,265.2500,320014147,0.0000
2022-10-07,TSLA,254.5000,257.5000,222.0200,223.0700,223.0700,448139986,0.0000
2022-10-14,TSLA,223.9300,226.9900,204.1600,204.9900,204.9900,397406475,0.0000
2022-10-21,TSLA,210.0400,229.8200,202.0000,214.4400,214.4400,415404010,0.0000
2022-10-28,TSLA,205.8200,233.8100,198.5863,228.5200,228.5200,413072923,0.0000
2022-11-04,TSLA,226.1900,237.3951,203.0800,207.4700,207.4700,342474516,0.0000
2022-11-11,TSLA,208.6500,208.9000,177.1200,195.9700,195.9700,596889173,0.0000
2022-11-18,TSLA,192.7700,200.8237,176.5500,180.1900,180.1900,390472869,0.0000
2022-11-25,TSLA,175.8500,185.2000,166.1850,182.8600,182.8600,331544487,0.0000
2022-12-02,TSLA,179.9600,198.9200,178.7500,194.8600,194.8600,439273798,0.0000
2022-12-09,TSLA,189.4400,191.2700,169.0600,179.0500,179.0500,471983601,0.0000
2022-12-16,TSLA,176.1000,177.3700,150.0400,150.2300,150.2300,687706165,0.0000
2022-12-23,TSLA,154.0000,155.2500,121.0200,123.1500,123.1500,821451251,0.0000
2022-12-30,TSLA,117.4950,124.4800,108.2400,123.1800,123.1800,809414633,0.0000
2023-01-06,TSLA,118.4700,118.8000,101.8100,113.0600,113.0600,790689169,0.0000
2023-01-13,TSLA,118.9600,125.9500,114.9200,122.4000,122.4000,891852239,0.0000
2023-01-20,TSLA,125.6950,136.6800,124.3082,133.4200,133.4200,691307319,0.0000
2023-01-27,TSLA,135.8700,180.6800,134.2700,177.9000,177.9000,1095958317,0.0000
2023-02-03,TSLA,178.0500,199.0000,162.7800,189.9800,189.9800,1091608981,0.0000
2023-02-10,TSLA,193.0100,214.0000,189.5500,196.8900,196.8900,973057671,0.0000
2023-02-17,TSLA,194.4150,217.6500,187.6100,208.3100,208.3100,1014364828,0.0000
2023-02-24,TSLA,204.9900,209.7100,191.7800,196.8800,196.8800,660435100,0.0000
2023-03-03,TSLA,202.0300,211.2300,186.0100,197.7900,197.7900,807198448,0.0000
2023-03-10,TSLA,198.5400,198.6000,168.4400,173.4400,173.4400,789636325,0.0000
2023-03-17,TSLA,167.4550,186.2199,163.9100,180.1300,180.1300,712075329,0.0000
2023-03-24,TSLA,178.0800,200.6600,176.3500,190.4100,190.4100,694177636,0.0000
2023-03-31,TSLA,194.4150,207.7900,185.4300,207.4600,207.4600,623640604,0.0000
2023-04-06,TSLA,199.9100,202.6897,179.7400,185.0600,185.0600,553750170,0.0000
2023-04-14,TSLA,179.9400,191.5846,176.1100,185.0000,185.0000,617553456,0.0000
2023-04-21,TSLA,186.3200,189.6900,160.5600,165.0800,165.0800,668486597,0.0000
2023-04-28,TSLA,164.6500,165.6500,152.3700,164.3100,164.3100,663783956,0.0000
2023-05-05,TSLA,163.1700,170.7899,158.8300,170.0600,170.0600,559718515,0.0000
2023-05-12,TSLA,173.7200,177.3800,166.5600,167.9800,167.9800,582794740,0.0000
2023-05-19,TSLA,167.6550,181.9500,164.3500,180.1400,180.1400,575071860,0.0000
2023-05-26,TSLA,180.7000,198.6000,178.2200,193.1700,193.1700,685490829,0.0000
2023-06-02,TSLA,200.1000,217.2500,195.1200,213.9700,213.9700,590603323,0.0000
2023-06-09,TSLA,217.8000,252.4200,212.5300,244.4000,244.4000,848497515,0.0000
2023-06-16,TSLA,247.9400,263.6000,244.5900,260.5400,260.5400,811787289,0.0000
2023-06-23,TSLA,261.5000,276.9900,248.2500,256.6000,256.6000,721745073,0.0000
2023-06-30,TSLA,250.0650,264.4500,240.7000,261.7700,261.7700,748633707,0.0000
2023-07-07,TSLA,276.4900,284.2500,272.8800,274.4300,274.4300,485803346,0.0000
2023-07-14,TSLA,276.4700,285.3000,265.1000,281.3800,281.3800,539813729,0.0000
2023-07-21,TSLA,286.6250,299.2900,255.8000,260.0200,260.0200,723314005,0.0000
2023-07-28,TSLA,255.8500,272.9000,254.1200,266.4400,266.4400,560761830,0.0000
2023-08-04,TSLA,267.4800,269.0800,250.4900,253.8600,253.8600,467350209,0.0000
2023-08-11,TSLA,251.4500,253.6511,238.0200,242.6500,242.6500,517873700,0.0000
2023-08-18,TSLA,235.7000,240.6600,212.3600,215.4900,215.4900,556272451,0.0000
2023-08-25,TSLA,221.5512,240.8200,220.5800,238.5900,238.5900,573767855,0.0000
2023-09-01,TSLA,242.5800,261.1800,235.3500,245.0100,245.0100,605113105,0.0000
2023-09-08,TSLA,245.0000,258.0000,243.2650,248.5000,248.5000,480301845,0.0000
2023-09-15,TSLA,264.2700,278.9800,260.6100,274.3900,274.3900,663743610,0.0000
2023-09-22,TSLA,271.1600,273.9300,244.4800,244.8800,244.8800,575237587,0.0000
2023-09-29,TSLA,243.3800,254.7700,234.5800,250.2200,250.2200,588808971,0.0000
2023-10-06,TSLA,244.8100,263.6000,242.6200,260.5300,260.5300,592798300,0.0000
2023-10-13,TSLA,255.3100,268.9400,250.2200,251.1200,251.1200,541545143,0.0000
2023-10-20,TSLA,250.0500,257.1830,210.4200,211.9900,211.9900,616410739,0.0000
2023-10-27,TSLA,210.0000,222.0500,202.5100,207.3000,207.3000,585973376,0.0000
2023-11-03,TSLA,209.2800,226.3701,194.0700,219.9600,219.9600,621700507,0.0000
2023-11-10,TSLA,223.9800,226.3200,205.6900,214.6500,214.6500,614241373,0.0000
2023-11-17,TSLA,215.6000,246.7000,211.6101,234.3000,234.3000,720156239,0.0000
2023-11-24,TSLA,234.0400,244.0100,231.0200,235.4500,235.4500,422092683,0.0000
2023-12-01,TSLA,236.8900,252.7500,231.9000,238.8300,238.8300,649667916,0.0000
2023-12-08,TSLA,235.7500,246.6600,233.2902,243.8400,243.8400,578245318,0.0000
2023-12-15,TSLA,242.7400,254.1300,228.2000,253.5000,253.5000,636290550,0.0000
2023-12-22,TSLA,253.7800,259.8400,247.0000,252.5400,252.5400,550765074,0.0000
2023-12-29,TSLA,254.4900,265.1300,247.4300,248.4800,248.4800,407257251,0.0000
2024-01-05,TSLA,250.0800,251.2500,234.9001,237.4900,237.4900,420606080,0.0000
2024-01-12,TSLA,236.1400,241.2500,217.1501,218.8900,218.8900,502418170,0.0000
2024-01-19,TSLA,215.1000,223.4900,207.5600,212.1900,212.1900,429375220,0.0000
2024-01-26,TSLA,212.2600,217.8000,180.0600,183.2500,183.2500,642909480,0.0000
2024-02-02,TSLA,185.6300,196.3593,182.0000,187.9100,187.9100,540672852,0.0000
2024-02-09,TSLA,184.2600,194.1200,175.0100,193.5700,193.5700,536016008,0.0000
2024-02-16,TSLA,192.1100,203.1700,182.1087,199.9500,199.9500,495639529,0.0000
2024-02-23,TSLA,196.1300,199.4400,189.1300,191.9700,191.9700,379971148,0.0000
2024-03-01,TSLA,192.2900,205.6000,192.0000,202.6400,202.6400,488348794,0.0000
2024-03-08,TSLA,198.7300,199.7500,173.7000,175.3400,175.3400,549590219,0.0000
2024-03-15,TSLA,175.4500,182.8700,160.5100,163.5700,163.5700,499381990,0.0000
2024-03-22,TSLA,170.0200,178.1800,165.9000,170.8300,170.8300,418091163,0.0000
2024-03-28,TSLA,168.7600,184.2500,168.7300,175.7900,175.7900,346873723,0.0000
2024-04-05,TSLA,176.1700,177.1900,160.5100,164.9000,164.9000,536821185,0.0000
2024-04-12,TSLA,169.3400,179.2200,167.7900,171.0500,171.0500,450138092,0.0000
2024-04-19,TSLA,170.2400,170.6900,146.2200,147.0500,147.0500,462858314,0.0000
2024-04-26,TSLA,140.5600,172.1200,138.8025,168.2900,168.2900,649063934,0.0000
2024-05-03,TSLA,188.4200,198.8700,176.0200,181.1900,181.1900,628370764,0.0000
2024-05-10,TSLA,183.8000,187.5600,167.7500,168.4700,168.4700,377983065,0.0000
2024-05-17,TSLA,170.0000,180.0000,169.0000,177.4600,177.4600,370347383,0.0000
2024-05-24,TSLA,177.5600,186.8750,173.2600,179.2400,179.2400,402867388,0.0000
2024-05-31,TSLA,176.4000,182.6700,173.1600,178.0800,178.0800,259618626,0.0000
2024-06-07,TSLA,178.1300,182.6389,172.1300,177.4800,177.4800,312710972,0.0000
2024-06-14,TSLA,176.0600,191.0800,167.4100,178.0100,178.0100,407043372,0.0000
2024-06-21,TSLA,177.9200,188.8100,177.0000,183.0100,183.0100,297690969,0.0000
2024-06-28,TSLA,184.9700,203.2000,182.0100,197.8800,197.8800,389591990,0.0000
2024-07-05,TSLA,201.0200,252.3700,200.8500,251.5200,251.5200,661801938,0.0000
2024-07-12,TSLA,247.7100,271.0000,233.0912,248.2300,248.2300,824144572,0.0000
2024-07-19,TSLA,255.9700,265.6000,236.8300,239.2000,239.2000,587103140,0.0000
2024-07-26,TSLA,244.2100,255.7594,214.7100,219.8000,219.8000,576337172,0.0000
2024-08-02,TSLA,224.9000,234.6800,205.7800,207.6700,207.6700,464001152,0.0000
2024-08-09,TSLA,185.2200,203.8799,182.0000,200.0000,200.0000,368934704,0.0000
2024-08-16,TSLA,199.0200,219.8000,194.6700,216.1200,216.1200,389155956,0.0000
2024-08-23,TSLA,217.0700,228.2200,210.3200,220.3200,220.3200,381622057,0.0000
2024-08-30,TSLA,218.7500,219.0900,202.5900,214.1100,214.1100,311918353,0.0000
2024-09-06,TSLA,215.2600,235.0000,209.6400,210.7300,210.7300,388463568,0.0000
2024-09-13,TSLA,216.2000,232.6700,213.6700,230.2900,230.2900,361418443,0.0000
2024-09-20,TSLA,229.3000,244.2400,223.5300,238.2500,238.2500,401668481,0.0000
2024-09-27,TSLA,242.6100,261.7500,241.9200,260.4600,260.4600,378582771,0.0000
2024-10-04,TSLA,259.0400,264.8600,237.8100,250.0800,250.0800,429710449,0.0000
2024-10-11,TSLA,249.0000,249.8300,214.3800,217.8000,217.8000,416421896,0.0000
2024-10-18,TSLA,220.1300,224.2600,213.7400,220.7000,220.7000,299317185,0.0000
2024-10-25,TSLA,218.9000,269.4900,212.1100,269.1900,269.1900,537640455,0.0000
2024-11-01,TSLA,270.0000,273.5360,246.6300,248.9800,248.9800,366288979,0.0000
2024-11-08,TSLA,244.5600,328.7100,238.8800,321.2200,321.2200,625405564,0.0000
2024-11-15,TSLA,346.3000,358.6400,309.2200,320.7200,320.7200,726819635,0.0000
2024-11-22,TSLA,340.7300,361.5300,330.0100,352.5600,352.5600,428892998,0.0000
2024-11-29,TSLA,360.1400,361.9300,326.5900,345.1600,345.1600,253250816,0.0000
2024-12-06,TSLA,352.3800,389.4900,348.2000,389.2200,389.2200,349923951,0.0000
2024-12-13,TSLA,397.6100,436.3000,378.0100,436.2300,436.2300,474962693,0.0000
2024-12-20,TSLA,441.0900,488.5399,417.6400,421.0600,421.0600,645429899,0.0000
2024-12-27,TSLA,431.0000,465.3299,415.4112,431.6600,431.6600,291567836,0.0000
2025-01-03,TSLA,419.4000,427.9300,373.0400,410.4400,410.4400,346900211,0.0000
2025-01-10,TSLA,423.2000,426.4300,377.2900,394.7400,394.7400,296542197,0.0000
2025-01-17,TSLA,383.2100,439.7400,380.0700,426.5000,426.5000,396847556,0.0000
2025-01-24,TSLA,432.6400,433.2000,405.7800,406.5800,406.5800,255401977,0.0000
2025-01-31,TSLA,394.8000,419.9900,384.4100,404.6000,404.6000,356730932,0.0000
2025-02-07,TSLA,386.6800,394.0000,360.3400,361.6200,361.6200,356635566,0.0000
2025-02-14,TSLA,356.2100,362.7000,325.1000,355.8400,355.8400,459159830,0.0000
2025-02-21,TSLA,355.0100,367.3400,334.4200,337.8000,337.8000,238750078,0.0000
2025-02-28,TSLA,338.1400,342.3973,273.6000,292.9800,292.9800,527844539,0.0000
2025-03-07,TSLA,300.3400,303.9400,250.7300,262.6700,262.6700,537122156,0.0000
2025-03-14,TSLA,252.5400,253.3700,217.0200,249.9800,249.9800,717205710,0.0000
2025-03-21,TSLA,245.0550,249.5200,222.2800,248.7100,248.7100,567128908,0.0000
2025-03-28,TSLA,258.0750,291.8500,256.3300,263.5500,263.5500,762077379,0.0000
2025-04-04,TSLA,249.3100,284.9900,236.0000,239.4300,239.4300,810687308,0.0000
2025-04-11,TSLA,223.7800,274.6900,214.2500,252.3100,252.3100,885161310,0.0000
2025-04-17,TSLA,258.3600,261.8000,233.8900,241.3700,241.3700,375513071,0.0000
2025-04-25,TSLA,230.2600,286.8500,222.7900,284.9500,284.9500,631033245,0.0000
2025-05-02,TSLA,288.9800,294.8600,270.7800,287.2100,287.2100,603713038,0.0000
2025-05-09,TSLA,284.5700,307.0400,271.0000,298.2600,298.2600,473144365,0.0000
2025-05-16,TSLA,321.9900,351.6200,311.5000,349.9800,349.9800,580594760,0.0000
2025-05-23,TSLA,336.3000,354.9899,331.3900,339.3400,339.3400,504708479,0.0000
2025-05-30,TSLA,347.3500,367.7100,345.2900,346.4600,346.4600,423571327,0.0000
2025-06-06,TSLA,343.5000,355.4000,273.2100,295.1400,295.1400,737676788,0.0000
2025-06-13,TSLA,285.9550,335.5000,281.8500,325.3100,325.3100,648868571,0.0000
2025-06-20,TSLA,331.2900,332.3600,314.7400,322.1600,322.1600,376034221,0.0000
2025-06-27,TSLA,327.5400,357.5400,317.4950,323.6300,323.6300,594806066,0.0000
2025-07-03,TSLA,319.9000,325.5799,293.2100,315.3500,315.3500,399306778,0.0000
2025-07-11,TSLA,291.3700,314.0900,288.7701,313.5100,313.5100,493613175,0.0000
2025-07-18,TSLA,317.7300,330.9000,310.5000,329.6500,329.6500,421062425,0.0000
2025-07-25,TSLA,334.4000,338.0000,300.4100,316.0600,316.0600,550885974,0.0000
2025-08-01,TSLA,318.4500,330.4900,297.8200,302.6300,302.6300,458356923,0.0000
2025-08-08,TSLA,309.0800,335.1500,303.0001,329.6500,329.6500,373027753,0.0000
2025-08-15,TSLA,335.0000,348.9800,327.0200,330.5600,330.5600,403169631,0.0000
2025-08-22,TSLA,329.6200,340.5500,314.6000,340.0100,340.0100,360155114,0.0000
2025-08-29,TSLA,338.9000,355.3900,331.7000,333.8700,333.8700,377889483,0.0000
2025-09-05,TSLA,328.2300,355.8700,325.6000,350.8400,350.8400,316331664,0.0000
2025-09-12,TSLA,354.6400,396.6899,343.8200,395.9400,395.9400,473058361,0.0000
2025-09-19,TSLA,423.1300,432.2199,402.4300,426.0700,426.0700,557828463,0.0000
2025-09-26,TSLA,431.1100,444.9800,419.0800,440.4000,440.4000,472039624,0.0000
2025-10-03,TSLA,444.3500,470.7500,416.5750,429.8300,429.8300,522168885,0.0000
2025-10-10,TSLA,440.7500,453.5500,411.4500,413.4900,413.4900,440260886,0.0000
2025-10-17,TSLA,423.5300,441.4558,417.8600,439.3100,439.3100,390301875,0.0000
2025-10-24,TSLA,443.8650,451.6800,413.9000,433.7200,433.7200,423592205,0.0000
2025-10-31,TSLA,439.9800,467.0000,438.6900,456.5600,456.5600,409620483,0.0000
2025-11-07,TSLA,455.9900,474.0700,421.8800,429.5200,429.5200,470358201,0.0000
2025-11-14,TSLA,439.6000,449.6715,382.7800,404.3500,404.3500,420017378,0.0000
2025-11-20,TSLA,398.7400,428.9400,393.7100,395.2300,395.2300,367207611,0.0000
